measurement_type,freq,theta,phi,value,
S21,1000000000,90,0,-60,
S21,1100000000,90,0,-58,
S21,1200000000,90,0,-56,
S21,1300000000,90,0,-55,
S21,1400000000,90,0,-53,
S21,1500000000,90,0,-51,
S21,1600000000,90,0,-50,
S21,1700000000,90,0,-48,
S21,1800000000,90,0,-46,
S21,1900000000,90,0,-45,
S21,1000000000,90,1,-59,
S21,1100000000,90,1,-58,
S21,1200000000,90,1,-56,
S21,1300000000,90,1,-54,
S21,1400000000,90,1,-53,
S21,1500000000,90,1,-51,
S21,1600000000,90,1,-49,
S21,1700000000,90,1,-48,
S21,1800000000,90,1,-46,
S21,1900000000,90,1,-44,
S21,1000000000,90,2,-59,
S21,1100000000,90,2,-58,
S21,1200000000,90,2,-56,
S21,1300000000,90,2,-54,
S21,1400000000,90,2,-53,
S21,1500000000,90,2,-51,
S21,1600000000,90,2,-49,
S21,1700000000,90,2,-48,
S21,1800000000,90,2,-46,
S21,1900000000,90,2,-44,
S21,1000000000,90,3,-59,
S21,1100000000,90,3,-57,
S21,1200000000,90,3,-56,
S21,1300000000,90,3,-54,
S21,1400000000,90,3,-52,
S21,1500000000,90,3,-51,
S21,1600000000,90,3,-49,
S21,1700000000,90,3,-47,
S21,1800000000,90,3,-46,
S21,1900000000,90,3,-44,
S21,1000000000,90,4,-59,
S21,1100000000,90,4,-57,
S21,1200000000,90,4,-56,
S21,1300000000,90,4,-54,
S21,1400000000,90,4,-52,
S21,1500000000,90,4,-51,
S21,1600000000,90,4,-49,
S21,1700000000,90,4,-47,
S21,1800000000,90,4,-46,
S21,1900000000,90,4,-44,
S21,1000000000,90,5,-59,
S21,1100000000,90,5,-57,
S21,1200000000,90,5,-55,
S21,1300000000,90,5,-54,
S21,1400000000,90,5,-52,
S21,1500000000,90,5,-50,
S21,1600000000,90,5,-49,
S21,1700000000,90,5,-47,
S21,1800000000,90,5,-45,
S21,1900000000,90,5,-44,
S21,1000000000,90,6,-59,
S21,1100000000,90,6,-57,
S21,1200000000,90,6,-55,
S21,1300000000,90,6,-54,
S21,1400000000,90,6,-52,
S21,1500000000,90,6,-50,
S21,1600000000,90,6,-49,
S21,1700000000,90,6,-47,
S21,1800000000,90,6,-45,
S21,1900000000,90,6,-44,
S21,1000000000,90,7,-58,
S21,1100000000,90,7,-57,
S21,1200000000,90,7,-55,
S21,1300000000,90,7,-53,
S21,1400000000,90,7,-52,
S21,1500000000,90,7,-50,
S21,1600000000,90,7,-48,
S21,1700000000,90,7,-47,
S21,1800000000,90,7,-45,
S21,1900000000,90,7,-43,
S21,1000000000,90,8,-58,
S21,1100000000,90,8,-57,
S21,1200000000,90,8,-55,
S21,1300000000,90,8,-53,
S21,1400000000,90,8,-52,
S21,1500000000,90,8,-50,
S21,1600000000,90,8,-48,
S21,1700000000,90,8,-47,
S21,1800000000,90,8,-45,
S21,1900000000,90,8,-43,
S21,1000000000,90,9,-58,
S21,1100000000,90,9,-56,
S21,1200000000,90,9,-55,
S21,1300000000,90,9,-53,
S21,1400000000,90,9,-51,
S21,1500000000,90,9,-50,
S21,1600000000,90,9,-48,
S21,1700000000,90,9,-46,
S21,1800000000,90,9,-45,
S21,1900000000,90,9,-43,
S21,1000000000,90,10,-58,
S21,1100000000,90,10,-56,
S21,1200000000,90,10,-55,
S21,1300000000,90,10,-53,
S21,1400000000,90,10,-51,
S21,1500000000,90,10,-50,
S21,1600000000,90,10,-48,
S21,1700000000,90,10,-46,
S21,1800000000,90,10,-45,
S21,1900000000,90,10,-43,
S21,1000000000,90,11,-58,
S21,1100000000,90,11,-56,
S21,1200000000,90,11,-54,
S21,1300000000,90,11,-53,
S21,1400000000,90,11,-51,
S21,1500000000,90,11,-49,
S21,1600000000,90,11,-48,
S21,1700000000,90,11,-46,
S21,1800000000,90,11,-44,
S21,1900000000,90,11,-43,
S21,1000000000,90,12,-58,
S21,1100000000,90,12,-56,
S21,1200000000,90,12,-54,
S21,1300000000,90,12,-53,
S21,1400000000,90,12,-51,
S21,1500000000,90,12,-49,
S21,1600000000,90,12,-48,
S21,1700000000,90,12,-46,
S21,1800000000,90,12,-44,
S21,1900000000,90,12,-43,
S21,1000000000,90,13,-57,
S21,1100000000,90,13,-56,
S21,1200000000,90,13,-54,
S21,1300000000,90,13,-52,
S21,1400000000,90,13,-51,
S21,1500000000,90,13,-49,
S21,1600000000,90,13,-47,
S21,1700000000,90,13,-46,
S21,1800000000,90,13,-44,
S21,1900000000,90,13,-42,
S21,1000000000,90,14,-57,
S21,1100000000,90,14,-56,
S21,1200000000,90,14,-54,
S21,1300000000,90,14,-52,
S21,1400000000,90,14,-51,
S21,1500000000,90,14,-49,
S21,1600000000,90,14,-47,
S21,1700000000,90,14,-46,
S21,1800000000,90,14,-44,
S21,1900000000,90,14,-42,
S21,1000000000,90,15,-57,
S21,1100000000,90,15,-55,
S21,1200000000,90,15,-54,
S21,1300000000,90,15,-52,
S21,1400000000,90,15,-50,
S21,1500000000,90,15,-49,
S21,1600000000,90,15,-47,
S21,1700000000,90,15,-45,
S21,1800000000,90,15,-44,
S21,1900000000,90,15,-42,
S21,1000000000,90,16,-57,
S21,1100000000,90,16,-55,
S21,1200000000,90,16,-54,
S21,1300000000,90,16,-52,
S21,1400000000,90,16,-50,
S21,1500000000,90,16,-49,
S21,1600000000,90,16,-47,
S21,1700000000,90,16,-45,
S21,1800000000,90,16,-44,
S21,1900000000,90,16,-42,
S21,1000000000,90,17,-57,
S21,1100000000,90,17,-55,
S21,1200000000,90,17,-53,
S21,1300000000,90,17,-52,
S21,1400000000,90,17,-50,
S21,1500000000,90,17,-48,
S21,1600000000,90,17,-47,
S21,1700000000,90,17,-45,
S21,1800000000,90,17,-43,
S21,1900000000,90,17,-42,
S21,1000000000,90,18,-57,
S21,1100000000,90,18,-55,
S21,1200000000,90,18,-53,
S21,1300000000,90,18,-52,
S21,1400000000,90,18,-50,
S21,1500000000,90,18,-48,
S21,1600000000,90,18,-47,
S21,1700000000,90,18,-45,
S21,1800000000,90,18,-43,
S21,1900000000,90,18,-42,
S21,1000000000,90,19,-56,
S21,1100000000,90,19,-55,
S21,1200000000,90,19,-53,
S21,1300000000,90,19,-51,
S21,1400000000,90,19,-50,
S21,1500000000,90,19,-48,
S21,1600000000,90,19,-46,
S21,1700000000,90,19,-45,
S21,1800000000,90,19,-43,
S21,1900000000,90,19,-41,
S21,1000000000,90,20,-56,
S21,1100000000,90,20,-55,
S21,1200000000,90,20,-53,
S21,1300000000,90,20,-51,
S21,1400000000,90,20,-50,
S21,1500000000,90,20,-48,
S21,1600000000,90,20,-46,
S21,1700000000,90,20,-45,
S21,1800000000,90,20,-43,
S21,1900000000,90,20,-41,
S21,1000000000,90,21,-56,
S21,1100000000,90,21,-54,
S21,1200000000,90,21,-53,
S21,1300000000,90,21,-51,
S21,1400000000,90,21,-49,
S21,1500000000,90,21,-48,
S21,1600000000,90,21,-46,
S21,1700000000,90,21,-44,
S21,1800000000,90,21,-43,
S21,1900000000,90,21,-41,
S21,1000000000,90,22,-56,
S21,1100000000,90,22,-54,
S21,1200000000,90,22,-53,
S21,1300000000,90,22,-51,
S21,1400000000,90,22,-49,
S21,1500000000,90,22,-48,
S21,1600000000,90,22,-46,
S21,1700000000,90,22,-44,
S21,1800000000,90,22,-43,
S21,1900000000,90,22,-41,
S21,1000000000,90,23,-56,
S21,1100000000,90,23,-54,
S21,1200000000,90,23,-52,
S21,1300000000,90,23,-51,
S21,1400000000,90,23,-49,
S21,1500000000,90,23,-47,
S21,1600000000,90,23,-46,
S21,1700000000,90,23,-44,
S21,1800000000,90,23,-42,
S21,1900000000,90,23,-41,
S21,1000000000,90,24,-56,
S21,1100000000,90,24,-54,
S21,1200000000,90,24,-52,
S21,1300000000,90,24,-51,
S21,1400000000,90,24,-49,
S21,1500000000,90,24,-47,
S21,1600000000,90,24,-46,
S21,1700000000,90,24,-44,
S21,1800000000,90,24,-42,
S21,1900000000,90,24,-41,
S21,1000000000,90,25,-55,
S21,1100000000,90,25,-54,
S21,1200000000,90,25,-52,
S21,1300000000,90,25,-50,
S21,1400000000,90,25,-49,
S21,1500000000,90,25,-47,
S21,1600000000,90,25,-45,
S21,1700000000,90,25,-44,
S21,1800000000,90,25,-42,
S21,1900000000,90,25,-40,
S21,1000000000,90,26,-55,
S21,1100000000,90,26,-54,
S21,1200000000,90,26,-52,
S21,1300000000,90,26,-50,
S21,1400000000,90,26,-49,
S21,1500000000,90,26,-47,
S21,1600000000,90,26,-45,
S21,1700000000,90,26,-44,
S21,1800000000,90,26,-42,
S21,1900000000,90,26,-40,
S21,1000000000,90,27,-55,
S21,1100000000,90,27,-53,
S21,1200000000,90,27,-52,
S21,1300000000,90,27,-50,
S21,1400000000,90,27,-48,
S21,1500000000,90,27,-47,
S21,1600000000,90,27,-45,
S21,1700000000,90,27,-43,
S21,1800000000,90,27,-42,
S21,1900000000,90,27,-40,
S21,1000000000,90,28,-55,
S21,1100000000,90,28,-53,
S21,1200000000,90,28,-52,
S21,1300000000,90,28,-50,
S21,1400000000,90,28,-48,
S21,1500000000,90,28,-47,
S21,1600000000,90,28,-45,
S21,1700000000,90,28,-43,
S21,1800000000,90,28,-42,
S21,1900000000,90,28,-40,
S21,1000000000,90,29,-55,
S21,1100000000,90,29,-53,
S21,1200000000,90,29,-51,
S21,1300000000,90,29,-50,
S21,1400000000,90,29,-48,
S21,1500000000,90,29,-46,
S21,1600000000,90,29,-45,
S21,1700000000,90,29,-43,
S21,1800000000,90,29,-41,
S21,1900000000,90,29,-40,
S21,1000000000,90,30,-55,
S21,1100000000,90,30,-53,
S21,1200000000,90,30,-51,
S21,1300000000,90,30,-50,
S21,1400000000,90,30,-48,
S21,1500000000,90,30,-46,
S21,1600000000,90,30,-45,
S21,1700000000,90,30,-43,
S21,1800000000,90,30,-41,
S21,1900000000,90,30,-40,
S21,1000000000,90,31,-54,
S21,1100000000,90,31,-53,
S21,1200000000,90,31,-51,
S21,1300000000,90,31,-49,
S21,1400000000,90,31,-48,
S21,1500000000,90,31,-46,
S21,1600000000,90,31,-44,
S21,1700000000,90,31,-43,
S21,1800000000,90,31,-41,
S21,1900000000,90,31,-39,
S21,1000000000,90,32,-54,
S21,1100000000,90,32,-53,
S21,1200000000,90,32,-51,
S21,1300000000,90,32,-49,
S21,1400000000,90,32,-48,
S21,1500000000,90,32,-46,
S21,1600000000,90,32,-44,
S21,1700000000,90,32,-43,
S21,1800000000,90,32,-41,
S21,1900000000,90,32,-39,
S21,1000000000,90,33,-54,
S21,1100000000,90,33,-52,
S21,1200000000,90,33,-51,
S21,1300000000,90,33,-49,
S21,1400000000,90,33,-47,
S21,1500000000,90,33,-46,
S21,1600000000,90,33,-44,
S21,1700000000,90,33,-42,
S21,1800000000,90,33,-41,
S21,1900000000,90,33,-39,
S21,1000000000,90,34,-54,
S21,1100000000,90,34,-52,
S21,1200000000,90,34,-51,
S21,1300000000,90,34,-49,
S21,1400000000,90,34,-47,
S21,1500000000,90,34,-46,
S21,1600000000,90,34,-44,
S21,1700000000,90,34,-42,
S21,1800000000,90,34,-41,
S21,1900000000,90,34,-39,
S21,1000000000,90,35,-54,
S21,1100000000,90,35,-52,
S21,1200000000,90,35,-50,
S21,1300000000,90,35,-49,
S21,1400000000,90,35,-47,
S21,1500000000,90,35,-45,
S21,1600000000,90,35,-44,
S21,1700000000,90,35,-42,
S21,1800000000,90,35,-40,
S21,1900000000,90,35,-39,
S21,1000000000,90,36,-54,
S21,1100000000,90,36,-52,
S21,1200000000,90,36,-50,
S21,1300000000,90,36,-49,
S21,1400000000,90,36,-47,
S21,1500000000,90,36,-45,
S21,1600000000,90,36,-44,
S21,1700000000,90,36,-42,
S21,1800000000,90,36,-40,
S21,1900000000,90,36,-39,
S21,1000000000,90,37,-53,
S21,1100000000,90,37,-52,
S21,1200000000,90,37,-50,
S21,1300000000,90,37,-48,
S21,1400000000,90,37,-47,
S21,1500000000,90,37,-45,
S21,1600000000,90,37,-43,
S21,1700000000,90,37,-42,
S21,1800000000,90,37,-40,
S21,1900000000,90,37,-38,
S21,1000000000,90,38,-53,
S21,1100000000,90,38,-52,
S21,1200000000,90,38,-50,
S21,1300000000,90,38,-48,
S21,1400000000,90,38,-47,
S21,1500000000,90,38,-45,
S21,1600000000,90,38,-43,
S21,1700000000,90,38,-42,
S21,1800000000,90,38,-40,
S21,1900000000,90,38,-38,
S21,1000000000,90,39,-53,
S21,1100000000,90,39,-51,
S21,1200000000,90,39,-50,
S21,1300000000,90,39,-48,
S21,1400000000,90,39,-46,
S21,1500000000,90,39,-45,
S21,1600000000,90,39,-43,
S21,1700000000,90,39,-41,
S21,1800000000,90,39,-40,
S21,1900000000,90,39,-38,
S21,1000000000,90,40,-53,
S21,1100000000,90,40,-51,
S21,1200000000,90,40,-50,
S21,1300000000,90,40,-48,
S21,1400000000,90,40,-46,
S21,1500000000,90,40,-45,
S21,1600000000,90,40,-43,
S21,1700000000,90,40,-41,
S21,1800000000,90,40,-40,
S21,1900000000,90,40,-38,
S21,1000000000,90,41,-53,
S21,1100000000,90,41,-51,
S21,1200000000,90,41,-49,
S21,1300000000,90,41,-48,
S21,1400000000,90,41,-46,
S21,1500000000,90,41,-44,
S21,1600000000,90,41,-43,
S21,1700000000,90,41,-41,
S21,1800000000,90,41,-39,
S21,1900000000,90,41,-38,
S21,1000000000,90,42,-53,
S21,1100000000,90,42,-51,
S21,1200000000,90,42,-49,
S21,1300000000,90,42,-48,
S21,1400000000,90,42,-46,
S21,1500000000,90,42,-44,
S21,1600000000,90,42,-43,
S21,1700000000,90,42,-41,
S21,1800000000,90,42,-39,
S21,1900000000,90,42,-38,
S21,1000000000,90,43,-52,
S21,1100000000,90,43,-51,
S21,1200000000,90,43,-49,
S21,1300000000,90,43,-47,
S21,1400000000,90,43,-46,
S21,1500000000,90,43,-44,
S21,1600000000,90,43,-42,
S21,1700000000,90,43,-41,
S21,1800000000,90,43,-39,
S21,1900000000,90,43,-37,
S21,1000000000,90,44,-52,
S21,1100000000,90,44,-51,
S21,1200000000,90,44,-49,
S21,1300000000,90,44,-47,
S21,1400000000,90,44,-46,
S21,1500000000,90,44,-44,
S21,1600000000,90,44,-42,
S21,1700000000,90,44,-41,
S21,1800000000,90,44,-39,
S21,1900000000,90,44,-37,
S21,1000000000,90,45,-52,
S21,1100000000,90,45,-50,
S21,1200000000,90,45,-49,
S21,1300000000,90,45,-47,
S21,1400000000,90,45,-45,
S21,1500000000,90,45,-44,
S21,1600000000,90,45,-42,
S21,1700000000,90,45,-40,
S21,1800000000,90,45,-39,
S21,1900000000,90,45,-37,
S21,1000000000,90,46,-52,
S21,1100000000,90,46,-50,
S21,1200000000,90,46,-49,
S21,1300000000,90,46,-47,
S21,1400000000,90,46,-45,
S21,1500000000,90,46,-44,
S21,1600000000,90,46,-42,
S21,1700000000,90,46,-40,
S21,1800000000,90,46,-39,
S21,1900000000,90,46,-37,
S21,1000000000,90,47,-52,
S21,1100000000,90,47,-50,
S21,1200000000,90,47,-48,
S21,1300000000,90,47,-47,
S21,1400000000,90,47,-45,
S21,1500000000,90,47,-43,
S21,1600000000,90,47,-42,
S21,1700000000,90,47,-40,
S21,1800000000,90,47,-38,
S21,1900000000,90,47,-37,
S21,1000000000,90,48,-52,
S21,1100000000,90,48,-50,
S21,1200000000,90,48,-48,
S21,1300000000,90,48,-47,
S21,1400000000,90,48,-45,
S21,1500000000,90,48,-43,
S21,1600000000,90,48,-42,
S21,1700000000,90,48,-40,
S21,1800000000,90,48,-38,
S21,1900000000,90,48,-37,
S21,1000000000,90,49,-51,
S21,1100000000,90,49,-50,
S21,1200000000,90,49,-48,
S21,1300000000,90,49,-46,
S21,1400000000,90,49,-45,
S21,1500000000,90,49,-43,
S21,1600000000,90,49,-41,
S21,1700000000,90,49,-40,
S21,1800000000,90,49,-38,
S21,1900000000,90,49,-36,
S21,1000000000,90,50,-51,
S21,1100000000,90,50,-50,
S21,1200000000,90,50,-48,
S21,1300000000,90,50,-46,
S21,1400000000,90,50,-45,
S21,1500000000,90,50,-43,
S21,1600000000,90,50,-41,
S21,1700000000,90,50,-40,
S21,1800000000,90,50,-38,
S21,1900000000,90,50,-36,
S21,1000000000,90,51,-51,
S21,1100000000,90,51,-49,
S21,1200000000,90,51,-48,
S21,1300000000,90,51,-46,
S21,1400000000,90,51,-44,
S21,1500000000,90,51,-43,
S21,1600000000,90,51,-41,
S21,1700000000,90,51,-39,
S21,1800000000,90,51,-38,
S21,1900000000,90,51,-36,
S21,1000000000,90,52,-51,
S21,1100000000,90,52,-49,
S21,1200000000,90,52,-48,
S21,1300000000,90,52,-46,
S21,1400000000,90,52,-44,
S21,1500000000,90,52,-43,
S21,1600000000,90,52,-41,
S21,1700000000,90,52,-39,
S21,1800000000,90,52,-38,
S21,1900000000,90,52,-36,
S21,1000000000,90,53,-51,
S21,1100000000,90,53,-49,
S21,1200000000,90,53,-47,
S21,1300000000,90,53,-46,
S21,1400000000,90,53,-44,
S21,1500000000,90,53,-42,
S21,1600000000,90,53,-41,
S21,1700000000,90,53,-39,
S21,1800000000,90,53,-37,
S21,1900000000,90,53,-36,
S21,1000000000,90,54,-51,
S21,1100000000,90,54,-49,
S21,1200000000,90,54,-47,
S21,1300000000,90,54,-46,
S21,1400000000,90,54,-44,
S21,1500000000,90,54,-42,
S21,1600000000,90,54,-41,
S21,1700000000,90,54,-39,
S21,1800000000,90,54,-37,
S21,1900000000,90,54,-36,
S21,1000000000,90,55,-50,
S21,1100000000,90,55,-49,
S21,1200000000,90,55,-47,
S21,1300000000,90,55,-45,
S21,1400000000,90,55,-44,
S21,1500000000,90,55,-42,
S21,1600000000,90,55,-40,
S21,1700000000,90,55,-39,
S21,1800000000,90,55,-37,
S21,1900000000,90,55,-35,
S21,1000000000,90,56,-50,
S21,1100000000,90,56,-49,
S21,1200000000,90,56,-47,
S21,1300000000,90,56,-45,
S21,1400000000,90,56,-44,
S21,1500000000,90,56,-42,
S21,1600000000,90,56,-40,
S21,1700000000,90,56,-39,
S21,1800000000,90,56,-37,
S21,1900000000,90,56,-35,
S21,1000000000,90,57,-50,
S21,1100000000,90,57,-48,
S21,1200000000,90,57,-47,
S21,1300000000,90,57,-45,
S21,1400000000,90,57,-43,
S21,1500000000,90,57,-42,
S21,1600000000,90,57,-40,
S21,1700000000,90,57,-38,
S21,1800000000,90,57,-37,
S21,1900000000,90,57,-35,
S21,1000000000,90,58,-50,
S21,1100000000,90,58,-48,
S21,1200000000,90,58,-47,
S21,1300000000,90,58,-45,
S21,1400000000,90,58,-43,
S21,1500000000,90,58,-42,
S21,1600000000,90,58,-40,
S21,1700000000,90,58,-38,
S21,1800000000,90,58,-37,
S21,1900000000,90,58,-35,
S21,1000000000,90,59,-50,
S21,1100000000,90,59,-48,
S21,1200000000,90,59,-46,
S21,1300000000,90,59,-45,
S21,1400000000,90,59,-43,
S21,1500000000,90,59,-41,
S21,1600000000,90,59,-40,
S21,1700000000,90,59,-38,
S21,1800000000,90,59,-36,
S21,1900000000,90,59,-35,
S21,1000000000,90,60,-50,
S21,1100000000,90,60,-48,
S21,1200000000,90,60,-46,
S21,1300000000,90,60,-45,
S21,1400000000,90,60,-43,
S21,1500000000,90,60,-41,
S21,1600000000,90,60,-40,
S21,1700000000,90,60,-38,
S21,1800000000,90,60,-36,
S21,1900000000,90,60,-35,
S21,1000000000,90,61,-49,
S21,1100000000,90,61,-48,
S21,1200000000,90,61,-46,
S21,1300000000,90,61,-44,
S21,1400000000,90,61,-43,
S21,1500000000,90,61,-41,
S21,1600000000,90,61,-39,
S21,1700000000,90,61,-38,
S21,1800000000,90,61,-36,
S21,1900000000,90,61,-34,
S21,1000000000,90,62,-49,
S21,1100000000,90,62,-48,
S21,1200000000,90,62,-46,
S21,1300000000,90,62,-44,
S21,1400000000,90,62,-43,
S21,1500000000,90,62,-41,
S21,1600000000,90,62,-39,
S21,1700000000,90,62,-38,
S21,1800000000,90,62,-36,
S21,1900000000,90,62,-34,
S21,1000000000,90,63,-49,
S21,1100000000,90,63,-47,
S21,1200000000,90,63,-46,
S21,1300000000,90,63,-44,
S21,1400000000,90,63,-42,
S21,1500000000,90,63,-41,
S21,1600000000,90,63,-39,
S21,1700000000,90,63,-37,
S21,1800000000,90,63,-36,
S21,1900000000,90,63,-34,
S21,1000000000,90,64,-49,
S21,1100000000,90,64,-47,
S21,1200000000,90,64,-46,
S21,1300000000,90,64,-44,
S21,1400000000,90,64,-42,
S21,1500000000,90,64,-41,
S21,1600000000,90,64,-39,
S21,1700000000,90,64,-37,
S21,1800000000,90,64,-36,
S21,1900000000,90,64,-34,
S21,1000000000,90,65,-49,
S21,1100000000,90,65,-47,
S21,1200000000,90,65,-45,
S21,1300000000,90,65,-44,
S21,1400000000,90,65,-42,
S21,1500000000,90,65,-40,
S21,1600000000,90,65,-39,
S21,1700000000,90,65,-37,
S21,1800000000,90,65,-35,
S21,1900000000,90,65,-34,
S21,1000000000,90,66,-49,
S21,1100000000,90,66,-47,
S21,1200000000,90,66,-45,
S21,1300000000,90,66,-44,
S21,1400000000,90,66,-42,
S21,1500000000,90,66,-40,
S21,1600000000,90,66,-39,
S21,1700000000,90,66,-37,
S21,1800000000,90,66,-35,
S21,1900000000,90,66,-34,
S21,1000000000,90,67,-48,
S21,1100000000,90,67,-47,
S21,1200000000,90,67,-45,
S21,1300000000,90,67,-43,
S21,1400000000,90,67,-42,
S21,1500000000,90,67,-40,
S21,1600000000,90,67,-38,
S21,1700000000,90,67,-37,
S21,1800000000,90,67,-35,
S21,1900000000,90,67,-33,
S21,1000000000,90,68,-48,
S21,1100000000,90,68,-47,
S21,1200000000,90,68,-45,
S21,1300000000,90,68,-43,
S21,1400000000,90,68,-42,
S21,1500000000,90,68,-40,
S21,1600000000,90,68,-38,
S21,1700000000,90,68,-37,
S21,1800000000,90,68,-35,
S21,1900000000,90,68,-33,
S21,1000000000,90,69,-48,
S21,1100000000,90,69,-46,
S21,1200000000,90,69,-45,
S21,1300000000,90,69,-43,
S21,1400000000,90,69,-41,
S21,1500000000,90,69,-40,
S21,1600000000,90,69,-38,
S21,1700000000,90,69,-36,
S21,1800000000,90,69,-35,
S21,1900000000,90,69,-33,
S21,1000000000,90,70,-48,
S21,1100000000,90,70,-46,
S21,1200000000,90,70,-45,
S21,1300000000,90,70,-43,
S21,1400000000,90,70,-41,
S21,1500000000,90,70,-40,
S21,1600000000,90,70,-38,
S21,1700000000,90,70,-36,
S21,1800000000,90,70,-35,
S21,1900000000,90,70,-33,
S21,1000000000,90,71,-48,
S21,1100000000,90,71,-46,
S21,1200000000,90,71,-44,
S21,1300000000,90,71,-43,
S21,1400000000,90,71,-41,
S21,1500000000,90,71,-39,
S21,1600000000,90,71,-38,
S21,1700000000,90,71,-36,
S21,1800000000,90,71,-34,
S21,1900000000,90,71,-33,
S21,1000000000,90,72,-48,
S21,1100000000,90,72,-46,
S21,1200000000,90,72,-44,
S21,1300000000,90,72,-43,
S21,1400000000,90,72,-41,
S21,1500000000,90,72,-39,
S21,1600000000,90,72,-38,
S21,1700000000,90,72,-36,
S21,1800000000,90,72,-34,
S21,1900000000,90,72,-33,
S21,1000000000,90,73,-47,
S21,1100000000,90,73,-46,
S21,1200000000,90,73,-44,
S21,1300000000,90,73,-42,
S21,1400000000,90,73,-41,
S21,1500000000,90,73,-39,
S21,1600000000,90,73,-37,
S21,1700000000,90,73,-36,
S21,1800000000,90,73,-34,
S21,1900000000,90,73,-32,
S21,1000000000,90,74,-47,
S21,1100000000,90,74,-46,
S21,1200000000,90,74,-44,
S21,1300000000,90,74,-42,
S21,1400000000,90,74,-41,
S21,1500000000,90,74,-39,
S21,1600000000,90,74,-37,
S21,1700000000,90,74,-36,
S21,1800000000,90,74,-34,
S21,1900000000,90,74,-32,
S21,1000000000,90,75,-47,
S21,1100000000,90,75,-45,
S21,1200000000,90,75,-44,
S21,1300000000,90,75,-42,
S21,1400000000,90,75,-40,
S21,1500000000,90,75,-39,
S21,1600000000,90,75,-37,
S21,1700000000,90,75,-35,
S21,1800000000,90,75,-34,
S21,1900000000,90,75,-32,
S21,1000000000,90,76,-47,
S21,1100000000,90,76,-45,
S21,1200000000,90,76,-44,
S21,1300000000,90,76,-42,
S21,1400000000,90,76,-40,
S21,1500000000,90,76,-39,
S21,1600000000,90,76,-37,
S21,1700000000,90,76,-35,
S21,1800000000,90,76,-34,
S21,1900000000,90,76,-32,
S21,1000000000,90,77,-47,
S21,1100000000,90,77,-45,
S21,1200000000,90,77,-43,
S21,1300000000,90,77,-42,
S21,1400000000,90,77,-40,
S21,1500000000,90,77,-38,
S21,1600000000,90,77,-37,
S21,1700000000,90,77,-35,
S21,1800000000,90,77,-33,
S21,1900000000,90,77,-32,
S21,1000000000,90,78,-47,
S21,1100000000,90,78,-45,
S21,1200000000,90,78,-43,
S21,1300000000,90,78,-42,
S21,1400000000,90,78,-40,
S21,1500000000,90,78,-38,
S21,1600000000,90,78,-37,
S21,1700000000,90,78,-35,
S21,1800000000,90,78,-33,
S21,1900000000,90,78,-32,
S21,1000000000,90,79,-46,
S21,1100000000,90,79,-45,
S21,1200000000,90,79,-43,
S21,1300000000,90,79,-41,
S21,1400000000,90,79,-40,
S21,1500000000,90,79,-38,
S21,1600000000,90,79,-36,
S21,1700000000,90,79,-35,
S21,1800000000,90,79,-33,
S21,1900000000,90,79,-31,
S21,1000000000,90,80,-46,
S21,1100000000,90,80,-45,
S21,1200000000,90,80,-43,
S21,1300000000,90,80,-41,
S21,1400000000,90,80,-40,
S21,1500000000,90,80,-38,
S21,1600000000,90,80,-36,
S21,1700000000,90,80,-35,
S21,1800000000,90,80,-33,
S21,1900000000,90,80,-31,
S21,1000000000,90,81,-46,
S21,1100000000,90,81,-44,
S21,1200000000,90,81,-43,
S21,1300000000,90,81,-41,
S21,1400000000,90,81,-39,
S21,1500000000,90,81,-38,
S21,1600000000,90,81,-36,
S21,1700000000,90,81,-34,
S21,1800000000,90,81,-33,
S21,1900000000,90,81,-31,
S21,1000000000,90,82,-46,
S21,1100000000,90,82,-44,
S21,1200000000,90,82,-43,
S21,1300000000,90,82,-41,
S21,1400000000,90,82,-39,
S21,1500000000,90,82,-38,
S21,1600000000,90,82,-36,
S21,1700000000,90,82,-34,
S21,1800000000,90,82,-33,
S21,1900000000,90,82,-31,
S21,1000000000,90,83,-46,
S21,1100000000,90,83,-44,
S21,1200000000,90,83,-42,
S21,1300000000,90,83,-41,
S21,1400000000,90,83,-39,
S21,1500000000,90,83,-37,
S21,1600000000,90,83,-36,
S21,1700000000,90,83,-34,
S21,1800000000,90,83,-32,
S21,1900000000,90,83,-31,
S21,1000000000,90,84,-46,
S21,1100000000,90,84,-44,
S21,1200000000,90,84,-42,
S21,1300000000,90,84,-41,
S21,1400000000,90,84,-39,
S21,1500000000,90,84,-37,
S21,1600000000,90,84,-36,
S21,1700000000,90,84,-34,
S21,1800000000,90,84,-32,
S21,1900000000,90,84,-31,
S21,1000000000,90,85,-45,
S21,1100000000,90,85,-44,
S21,1200000000,90,85,-42,
S21,1300000000,90,85,-40,
S21,1400000000,90,85,-39,
S21,1500000000,90,85,-37,
S21,1600000000,90,85,-35,
S21,1700000000,90,85,-34,
S21,1800000000,90,85,-32,
S21,1900000000,90,85,-30,
S21,1000000000,90,86,-45,
S21,1100000000,90,86,-44,
S21,1200000000,90,86,-42,
S21,1300000000,90,86,-40,
S21,1400000000,90,86,-39,
S21,1500000000,90,86,-37,
S21,1600000000,90,86,-35,
S21,1700000000,90,86,-34,
S21,1800000000,90,86,-32,
S21,1900000000,90,86,-30,
S21,1000000000,90,87,-45,
S21,1100000000,90,87,-43,
S21,1200000000,90,87,-42,
S21,1300000000,90,87,-40,
S21,1400000000,90,87,-38,
S21,1500000000,90,87,-37,
S21,1600000000,90,87,-35,
S21,1700000000,90,87,-33,
S21,1800000000,90,87,-32,
S21,1900000000,90,87,-30,
S21,1000000000,90,88,-45,
S21,1100000000,90,88,-43,
S21,1200000000,90,88,-42,
S21,1300000000,90,88,-40,
S21,1400000000,90,88,-38,
S21,1500000000,90,88,-37,
S21,1600000000,90,88,-35,
S21,1700000000,90,88,-33,
S21,1800000000,90,88,-32,
S21,1900000000,90,88,-30,
S21,1000000000,90,89,-45,
S21,1100000000,90,89,-43,
S21,1200000000,90,89,-41,
S21,1300000000,90,89,-40,
S21,1400000000,90,89,-38,
S21,1500000000,90,89,-36,
S21,1600000000,90,89,-35,
S21,1700000000,90,89,-33,
S21,1800000000,90,89,-31,
S21,1900000000,90,89,-30,
S21,1000000000,90,90,-45,
S21,1100000000,90,90,-43,
S21,1200000000,90,90,-41,
S21,1300000000,90,90,-40,
S21,1400000000,90,90,-38,
S21,1500000000,90,90,-36,
S21,1600000000,90,90,-35,
S21,1700000000,90,90,-33,
S21,1800000000,90,90,-31,
S21,1900000000,90,90,-30,
S21,1000000000,90,91,-44,
S21,1100000000,90,91,-43,
S21,1200000000,90,91,-41,
S21,1300000000,90,91,-39,
S21,1400000000,90,91,-38,
S21,1500000000,90,91,-36,
S21,1600000000,90,91,-34,
S21,1700000000,90,91,-33,
S21,1800000000,90,91,-31,
S21,1900000000,90,91,-30,
S21,1000000000,90,92,-44,
S21,1100000000,90,92,-43,
S21,1200000000,90,92,-41,
S21,1300000000,90,92,-39,
S21,1400000000,90,92,-38,
S21,1500000000,90,92,-36,
S21,1600000000,90,92,-34,
S21,1700000000,90,92,-33,
S21,1800000000,90,92,-31,
S21,1900000000,90,92,-30,
S21,1000000000,90,93,-44,
S21,1100000000,90,93,-42,
S21,1200000000,90,93,-41,
S21,1300000000,90,93,-39,
S21,1400000000,90,93,-37,
S21,1500000000,90,93,-36,
S21,1600000000,90,93,-34,
S21,1700000000,90,93,-32,
S21,1800000000,90,93,-31,
S21,1900000000,90,93,-30,
S21,1000000000,90,94,-44,
S21,1100000000,90,94,-42,
S21,1200000000,90,94,-41,
S21,1300000000,90,94,-39,
S21,1400000000,90,94,-37,
S21,1500000000,90,94,-36,
S21,1600000000,90,94,-34,
S21,1700000000,90,94,-32,
S21,1800000000,90,94,-31,
S21,1900000000,90,94,-30,
S21,1000000000,90,95,-44,
S21,1100000000,90,95,-42,
S21,1200000000,90,95,-40,
S21,1300000000,90,95,-39,
S21,1400000000,90,95,-37,
S21,1500000000,90,95,-35,
S21,1600000000,90,95,-34,
S21,1700000000,90,95,-32,
S21,1800000000,90,95,-30,
S21,1900000000,90,95,-30,
S21,1000000000,90,96,-44,
S21,1100000000,90,96,-42,
S21,1200000000,90,96,-40,
S21,1300000000,90,96,-39,
S21,1400000000,90,96,-37,
S21,1500000000,90,96,-35,
S21,1600000000,90,96,-34,
S21,1700000000,90,96,-32,
S21,1800000000,90,96,-30,
S21,1900000000,90,96,-31,
S21,1000000000,90,97,-43,
S21,1100000000,90,97,-42,
S21,1200000000,90,97,-40,
S21,1300000000,90,97,-38,
S21,1400000000,90,97,-37,
S21,1500000000,90,97,-35,
S21,1600000000,90,97,-33,
S21,1700000000,90,97,-32,
S21,1800000000,90,97,-30,
S21,1900000000,90,97,-31,
S21,1000000000,90,98,-43,
S21,1100000000,90,98,-42,
S21,1200000000,90,98,-40,
S21,1300000000,90,98,-38,
S21,1400000000,90,98,-37,
S21,1500000000,90,98,-35,
S21,1600000000,90,98,-33,
S21,1700000000,90,98,-32,
S21,1800000000,90,98,-30,
S21,1900000000,90,98,-31,
S21,1000000000,90,99,-43,
S21,1100000000,90,99,-41,
S21,1200000000,90,99,-40,
S21,1300000000,90,99,-38,
S21,1400000000,90,99,-36,
S21,1500000000,90,99,-35,
S21,1600000000,90,99,-33,
S21,1700000000,90,99,-31,
S21,1800000000,90,99,-30,
S21,1900000000,90,99,-31,
S21,1000000000,90,100,-43,
S21,1100000000,90,100,-41,
S21,1200000000,90,100,-40,
S21,1300000000,90,100,-38,
S21,1400000000,90,100,-36,
S21,1500000000,90,100,-35,
S21,1600000000,90,100,-33,
S21,1700000000,90,100,-31,
S21,1800000000,90,100,-30,
S21,1900000000,90,100,-31,
S21,1000000000,90,101,-43,
S21,1100000000,90,101,-41,
S21,1200000000,90,101,-39,
S21,1300000000,90,101,-38,
S21,1400000000,90,101,-36,
S21,1500000000,90,101,-34,
S21,1600000000,90,101,-33,
S21,1700000000,90,101,-31,
S21,1800000000,90,101,-30,
S21,1900000000,90,101,-31,
S21,1000000000,90,102,-43,
S21,1100000000,90,102,-41,
S21,1200000000,90,102,-39,
S21,1300000000,90,102,-38,
S21,1400000000,90,102,-36,
S21,1500000000,90,102,-34,
S21,1600000000,90,102,-33,
S21,1700000000,90,102,-31,
S21,1800000000,90,102,-30,
S21,1900000000,90,102,-32,
S21,1000000000,90,103,-42,
S21,1100000000,90,103,-41,
S21,1200000000,90,103,-39,
S21,1300000000,90,103,-37,
S21,1400000000,90,103,-36,
S21,1500000000,90,103,-34,
S21,1600000000,90,103,-32,
S21,1700000000,90,103,-31,
S21,1800000000,90,103,-30,
S21,1900000000,90,103,-32,
S21,1000000000,90,104,-42,
S21,1100000000,90,104,-41,
S21,1200000000,90,104,-39,
S21,1300000000,90,104,-37,
S21,1400000000,90,104,-36,
S21,1500000000,90,104,-34,
S21,1600000000,90,104,-32,
S21,1700000000,90,104,-31,
S21,1800000000,90,104,-30,
S21,1900000000,90,104,-32,
S21,1000000000,90,105,-42,
S21,1100000000,90,105,-40,
S21,1200000000,90,105,-39,
S21,1300000000,90,105,-37,
S21,1400000000,90,105,-35,
S21,1500000000,90,105,-34,
S21,1600000000,90,105,-32,
S21,1700000000,90,105,-30,
S21,1800000000,90,105,-30,
S21,1900000000,90,105,-32,
S21,1000000000,90,106,-42,
S21,1100000000,90,106,-40,
S21,1200000000,90,106,-39,
S21,1300000000,90,106,-37,
S21,1400000000,90,106,-35,
S21,1500000000,90,106,-34,
S21,1600000000,90,106,-32,
S21,1700000000,90,106,-30,
S21,1800000000,90,106,-31,
S21,1900000000,90,106,-32,
S21,1000000000,90,107,-42,
S21,1100000000,90,107,-40,
S21,1200000000,90,107,-38,
S21,1300000000,90,107,-37,
S21,1400000000,90,107,-35,
S21,1500000000,90,107,-33,
S21,1600000000,90,107,-32,
S21,1700000000,90,107,-30,
S21,1800000000,90,107,-31,
S21,1900000000,90,107,-32,
S21,1000000000,90,108,-42,
S21,1100000000,90,108,-40,
S21,1200000000,90,108,-38,
S21,1300000000,90,108,-37,
S21,1400000000,90,108,-35,
S21,1500000000,90,108,-33,
S21,1600000000,90,108,-32,
S21,1700000000,90,108,-30,
S21,1800000000,90,108,-31,
S21,1900000000,90,108,-33,
S21,1000000000,90,109,-41,
S21,1100000000,90,109,-40,
S21,1200000000,90,109,-38,
S21,1300000000,90,109,-36,
S21,1400000000,90,109,-35,
S21,1500000000,90,109,-33,
S21,1600000000,90,109,-31,
S21,1700000000,90,109,-30,
S21,1800000000,90,109,-31,
S21,1900000000,90,109,-33,
S21,1000000000,90,110,-41,
S21,1100000000,90,110,-40,
S21,1200000000,90,110,-38,
S21,1300000000,90,110,-36,
S21,1400000000,90,110,-35,
S21,1500000000,90,110,-33,
S21,1600000000,90,110,-31,
S21,1700000000,90,110,-30,
S21,1800000000,90,110,-31,
S21,1900000000,90,110,-33,
S21,1000000000,90,111,-41,
S21,1100000000,90,111,-39,
S21,1200000000,90,111,-38,
S21,1300000000,90,111,-36,
S21,1400000000,90,111,-34,
S21,1500000000,90,111,-33,
S21,1600000000,90,111,-31,
S21,1700000000,90,111,-30,
S21,1800000000,90,111,-31,
S21,1900000000,90,111,-33,
S21,1000000000,90,112,-41,
S21,1100000000,90,112,-39,
S21,1200000000,90,112,-38,
S21,1300000000,90,112,-36,
S21,1400000000,90,112,-34,
S21,1500000000,90,112,-33,
S21,1600000000,90,112,-31,
S21,1700000000,90,112,-30,
S21,1800000000,90,112,-32,
S21,1900000000,90,112,-33,
S21,1000000000,90,113,-41,
S21,1100000000,90,113,-39,
S21,1200000000,90,113,-37,
S21,1300000000,90,113,-36,
S21,1400000000,90,113,-34,
S21,1500000000,90,113,-32,
S21,1600000000,90,113,-31,
S21,1700000000,90,113,-30,
S21,1800000000,90,113,-32,
S21,1900000000,90,113,-33,
S21,1000000000,90,114,-41,
S21,1100000000,90,114,-39,
S21,1200000000,90,114,-37,
S21,1300000000,90,114,-36,
S21,1400000000,90,114,-34,
S21,1500000000,90,114,-32,
S21,1600000000,90,114,-31,
S21,1700000000,90,114,-30,
S21,1800000000,90,114,-32,
S21,1900000000,90,114,-34,
S21,1000000000,90,115,-40,
S21,1100000000,90,115,-39,
S21,1200000000,90,115,-37,
S21,1300000000,90,115,-35,
S21,1400000000,90,115,-34,
S21,1500000000,90,115,-32,
S21,1600000000,90,115,-30,
S21,1700000000,90,115,-30,
S21,1800000000,90,115,-32,
S21,1900000000,90,115,-34,
S21,1000000000,90,116,-40,
S21,1100000000,90,116,-39,
S21,1200000000,90,116,-37,
S21,1300000000,90,116,-35,
S21,1400000000,90,116,-34,
S21,1500000000,90,116,-32,
S21,1600000000,90,116,-30,
S21,1700000000,90,116,-31,
S21,1800000000,90,116,-32,
S21,1900000000,90,116,-34,
S21,1000000000,90,117,-40,
S21,1100000000,90,117,-38,
S21,1200000000,90,117,-37,
S21,1300000000,90,117,-35,
S21,1400000000,90,117,-33,
S21,1500000000,90,117,-32,
S21,1600000000,90,117,-30,
S21,1700000000,90,117,-31,
S21,1800000000,90,117,-32,
S21,1900000000,90,117,-34,
S21,1000000000,90,118,-40,
S21,1100000000,90,118,-38,
S21,1200000000,90,118,-37,
S21,1300000000,90,118,-35,
S21,1400000000,90,118,-33,
S21,1500000000,90,118,-32,
S21,1600000000,90,118,-30,
S21,1700000000,90,118,-31,
S21,1800000000,90,118,-33,
S21,1900000000,90,118,-34,
S21,1000000000,90,119,-40,
S21,1100000000,90,119,-38,
S21,1200000000,90,119,-36,
S21,1300000000,90,119,-35,
S21,1400000000,90,119,-33,
S21,1500000000,90,119,-31,
S21,1600000000,90,119,-30,
S21,1700000000,90,119,-31,
S21,1800000000,90,119,-33,
S21,1900000000,90,119,-34,
S21,1000000000,90,120,-40,
S21,1100000000,90,120,-38,
S21,1200000000,90,120,-36,
S21,1300000000,90,120,-35,
S21,1400000000,90,120,-33,
S21,1500000000,90,120,-31,
S21,1600000000,90,120,-30,
S21,1700000000,90,120,-31,
S21,1800000000,90,120,-33,
S21,1900000000,90,120,-35,
S21,1000000000,90,121,-39,
S21,1100000000,90,121,-38,
S21,1200000000,90,121,-36,
S21,1300000000,90,121,-34,
S21,1400000000,90,121,-33,
S21,1500000000,90,121,-31,
S21,1600000000,90,121,-30,
S21,1700000000,90,121,-31,
S21,1800000000,90,121,-33,
S21,1900000000,90,121,-35,
S21,1000000000,90,122,-39,
S21,1100000000,90,122,-38,
S21,1200000000,90,122,-36,
S21,1300000000,90,122,-34,
S21,1400000000,90,122,-33,
S21,1500000000,90,122,-31,
S21,1600000000,90,122,-30,
S21,1700000000,90,122,-32,
S21,1800000000,90,122,-33,
S21,1900000000,90,122,-35,
S21,1000000000,90,123,-39,
S21,1100000000,90,123,-37,
S21,1200000000,90,123,-36,
S21,1300000000,90,123,-34,
S21,1400000000,90,123,-32,
S21,1500000000,90,123,-31,
S21,1600000000,90,123,-30,
S21,1700000000,90,123,-32,
S21,1800000000,90,123,-33,
S21,1900000000,90,123,-35,
S21,1000000000,90,124,-39,
S21,1100000000,90,124,-37,
S21,1200000000,90,124,-36,
S21,1300000000,90,124,-34,
S21,1400000000,90,124,-32,
S21,1500000000,90,124,-31,
S21,1600000000,90,124,-30,
S21,1700000000,90,124,-32,
S21,1800000000,90,124,-34,
S21,1900000000,90,124,-35,
S21,1000000000,90,125,-39,
S21,1100000000,90,125,-37,
S21,1200000000,90,125,-35,
S21,1300000000,90,125,-34,
S21,1400000000,90,125,-32,
S21,1500000000,90,125,-30,
S21,1600000000,90,125,-30,
S21,1700000000,90,125,-32,
S21,1800000000,90,125,-34,
S21,1900000000,90,125,-35,
S21,1000000000,90,126,-39,
S21,1100000000,90,126,-37,
S21,1200000000,90,126,-35,
S21,1300000000,90,126,-34,
S21,1400000000,90,126,-32,
S21,1500000000,90,126,-30,
S21,1600000000,90,126,-31,
S21,1700000000,90,126,-32,
S21,1800000000,90,126,-34,
S21,1900000000,90,126,-36,
S21,1000000000,90,127,-38,
S21,1100000000,90,127,-37,
S21,1200000000,90,127,-35,
S21,1300000000,90,127,-33,
S21,1400000000,90,127,-32,
S21,1500000000,90,127,-30,
S21,1600000000,90,127,-31,
S21,1700000000,90,127,-32,
S21,1800000000,90,127,-34,
S21,1900000000,90,127,-36,
S21,1000000000,90,128,-38,
S21,1100000000,90,128,-37,
S21,1200000000,90,128,-35,
S21,1300000000,90,128,-33,
S21,1400000000,90,128,-32,
S21,1500000000,90,128,-30,
S21,1600000000,90,128,-31,
S21,1700000000,90,128,-33,
S21,1800000000,90,128,-34,
S21,1900000000,90,128,-36,
S21,1000000000,90,129,-38,
S21,1100000000,90,129,-36,
S21,1200000000,90,129,-35,
S21,1300000000,90,129,-33,
S21,1400000000,90,129,-31,
S21,1500000000,90,129,-30,
S21,1600000000,90,129,-31,
S21,1700000000,90,129,-33,
S21,1800000000,90,129,-34,
S21,1900000000,90,129,-36,
S21,1000000000,90,130,-38,
S21,1100000000,90,130,-36,
S21,1200000000,90,130,-35,
S21,1300000000,90,130,-33,
S21,1400000000,90,130,-31,
S21,1500000000,90,130,-30,
S21,1600000000,90,130,-31,
S21,1700000000,90,130,-33,
S21,1800000000,90,130,-35,
S21,1900000000,90,130,-36,
S21,1000000000,90,131,-38,
S21,1100000000,90,131,-36,
S21,1200000000,90,131,-34,
S21,1300000000,90,131,-33,
S21,1400000000,90,131,-31,
S21,1500000000,90,131,-30,
S21,1600000000,90,131,-31,
S21,1700000000,90,131,-33,
S21,1800000000,90,131,-35,
S21,1900000000,90,131,-36,
S21,1000000000,90,132,-38,
S21,1100000000,90,132,-36,
S21,1200000000,90,132,-34,
S21,1300000000,90,132,-33,
S21,1400000000,90,132,-31,
S21,1500000000,90,132,-30,
S21,1600000000,90,132,-32,
S21,1700000000,90,132,-33,
S21,1800000000,90,132,-35,
S21,1900000000,90,132,-37,
S21,1000000000,90,133,-37,
S21,1100000000,90,133,-36,
S21,1200000000,90,133,-34,
S21,1300000000,90,133,-32,
S21,1400000000,90,133,-31,
S21,1500000000,90,133,-30,
S21,1600000000,90,133,-32,
S21,1700000000,90,133,-33,
S21,1800000000,90,133,-35,
S21,1900000000,90,133,-37,
S21,1000000000,90,134,-37,
S21,1100000000,90,134,-36,
S21,1200000000,90,134,-34,
S21,1300000000,90,134,-32,
S21,1400000000,90,134,-31,
S21,1500000000,90,134,-30,
S21,1600000000,90,134,-32,
S21,1700000000,90,134,-34,
S21,1800000000,90,134,-35,
S21,1900000000,90,134,-37,
S21,1000000000,90,135,-37,
S21,1100000000,90,135,-35,
S21,1200000000,90,135,-34,
S21,1300000000,90,135,-32,
S21,1400000000,90,135,-30,
S21,1500000000,90,135,-30,
S21,1600000000,90,135,-32,
S21,1700000000,90,135,-34,
S21,1800000000,90,135,-35,
S21,1900000000,90,135,-37,
S21,1000000000,90,136,-37,
S21,1100000000,90,136,-35,
S21,1200000000,90,136,-34,
S21,1300000000,90,136,-32,
S21,1400000000,90,136,-30,
S21,1500000000,90,136,-31,
S21,1600000000,90,136,-32,
S21,1700000000,90,136,-34,
S21,1800000000,90,136,-36,
S21,1900000000,90,136,-37,
S21,1000000000,90,137,-37,
S21,1100000000,90,137,-35,
S21,1200000000,90,137,-33,
S21,1300000000,90,137,-32,
S21,1400000000,90,137,-30,
S21,1500000000,90,137,-31,
S21,1600000000,90,137,-32,
S21,1700000000,90,137,-34,
S21,1800000000,90,137,-36,
S21,1900000000,90,137,-37,
S21,1000000000,90,138,-37,
S21,1100000000,90,138,-35,
S21,1200000000,90,138,-33,
S21,1300000000,90,138,-32,
S21,1400000000,90,138,-30,
S21,1500000000,90,138,-31,
S21,1600000000,90,138,-33,
S21,1700000000,90,138,-34,
S21,1800000000,90,138,-36,
S21,1900000000,90,138,-38,
S21,1000000000,90,139,-36,
S21,1100000000,90,139,-35,
S21,1200000000,90,139,-33,
S21,1300000000,90,139,-31,
S21,1400000000,90,139,-30,
S21,1500000000,90,139,-31,
S21,1600000000,90,139,-33,
S21,1700000000,90,139,-34,
S21,1800000000,90,139,-36,
S21,1900000000,90,139,-38,
S21,1000000000,90,140,-36,
S21,1100000000,90,140,-35,
S21,1200000000,90,140,-33,
S21,1300000000,90,140,-31,
S21,1400000000,90,140,-30,
S21,1500000000,90,140,-31,
S21,1600000000,90,140,-33,
S21,1700000000,90,140,-35,
S21,1800000000,90,140,-36,
S21,1900000000,90,140,-38,
S21,1000000000,90,141,-36,
S21,1100000000,90,141,-34,
S21,1200000000,90,141,-33,
S21,1300000000,90,141,-31,
S21,1400000000,90,141,-30,
S21,1500000000,90,141,-31,
S21,1600000000,90,141,-33,
S21,1700000000,90,141,-35,
S21,1800000000,90,141,-36,
S21,1900000000,90,141,-38,
S21,1000000000,90,142,-36,
S21,1100000000,90,142,-34,
S21,1200000000,90,142,-33,
S21,1300000000,90,142,-31,
S21,1400000000,90,142,-30,
S21,1500000000,90,142,-32,
S21,1600000000,90,142,-33,
S21,1700000000,90,142,-35,
S21,1800000000,90,142,-37,
S21,1900000000,90,142,-38,
S21,1000000000,90,143,-36,
S21,1100000000,90,143,-34,
S21,1200000000,90,143,-32,
S21,1300000000,90,143,-31,
S21,1400000000,90,143,-30,
S21,1500000000,90,143,-32,
S21,1600000000,90,143,-33,
S21,1700000000,90,143,-35,
S21,1800000000,90,143,-37,
S21,1900000000,90,143,-38,
S21,1000000000,90,144,-36,
S21,1100000000,90,144,-34,
S21,1200000000,90,144,-32,
S21,1300000000,90,144,-31,
S21,1400000000,90,144,-30,
S21,1500000000,90,144,-32,
S21,1600000000,90,144,-34,
S21,1700000000,90,144,-35,
S21,1800000000,90,144,-37,
S21,1900000000,90,144,-39,
S21,1000000000,90,145,-35,
S21,1100000000,90,145,-34,
S21,1200000000,90,145,-32,
S21,1300000000,90,145,-30,
S21,1400000000,90,145,-30,
S21,1500000000,90,145,-32,
S21,1600000000,90,145,-34,
S21,1700000000,90,145,-35,
S21,1800000000,90,145,-37,
S21,1900000000,90,145,-39,
S21,1000000000,90,146,-35,
S21,1100000000,90,146,-34,
S21,1200000000,90,146,-32,
S21,1300000000,90,146,-30,
S21,1400000000,90,146,-31,
S21,1500000000,90,146,-32,
S21,1600000000,90,146,-34,
S21,1700000000,90,146,-36,
S21,1800000000,90,146,-37,
S21,1900000000,90,146,-39,
S21,1000000000,90,147,-35,
S21,1100000000,90,147,-33,
S21,1200000000,90,147,-32,
S21,1300000000,90,147,-30,
S21,1400000000,90,147,-31,
S21,1500000000,90,147,-32,
S21,1600000000,90,147,-34,
S21,1700000000,90,147,-36,
S21,1800000000,90,147,-37,
S21,1900000000,90,147,-39,
S21,1000000000,90,148,-35,
S21,1100000000,90,148,-33,
S21,1200000000,90,148,-32,
S21,1300000000,90,148,-30,
S21,1400000000,90,148,-31,
S21,1500000000,90,148,-33,
S21,1600000000,90,148,-34,
S21,1700000000,90,148,-36,
S21,1800000000,90,148,-38,
S21,1900000000,90,148,-39,
S21,1000000000,90,149,-35,
S21,1100000000,90,149,-33,
S21,1200000000,90,149,-31,
S21,1300000000,90,149,-30,
S21,1400000000,90,149,-31,
S21,1500000000,90,149,-33,
S21,1600000000,90,149,-34,
S21,1700000000,90,149,-36,
S21,1800000000,90,149,-38,
S21,1900000000,90,149,-39,
S21,1000000000,90,150,-35,
S21,1100000000,90,150,-33,
S21,1200000000,90,150,-31,
S21,1300000000,90,150,-30,
S21,1400000000,90,150,-31,
S21,1500000000,90,150,-33,
S21,1600000000,90,150,-35,
S21,1700000000,90,150,-36,
S21,1800000000,90,150,-38,
S21,1900000000,90,150,-40,
S21,1000000000,90,151,-34,
S21,1100000000,90,151,-33,
S21,1200000000,90,151,-31,
S21,1300000000,90,151,-30,
S21,1400000000,90,151,-31,
S21,1500000000,90,151,-33,
S21,1600000000,90,151,-35,
S21,1700000000,90,151,-36,
S21,1800000000,90,151,-38,
S21,1900000000,90,151,-40,
S21,1000000000,90,152,-34,
S21,1100000000,90,152,-33,
S21,1200000000,90,152,-31,
S21,1300000000,90,152,-30,
S21,1400000000,90,152,-32,
S21,1500000000,90,152,-33,
S21,1600000000,90,152,-35,
S21,1700000000,90,152,-37,
S21,1800000000,90,152,-38,
S21,1900000000,90,152,-40,
S21,1000000000,90,153,-34,
S21,1100000000,90,153,-32,
S21,1200000000,90,153,-31,
S21,1300000000,90,153,-30,
S21,1400000000,90,153,-32,
S21,1500000000,90,153,-33,
S21,1600000000,90,153,-35,
S21,1700000000,90,153,-37,
S21,1800000000,90,153,-38,
S21,1900000000,90,153,-40,
S21,1000000000,90,154,-34,
S21,1100000000,90,154,-32,
S21,1200000000,90,154,-31,
S21,1300000000,90,154,-30,
S21,1400000000,90,154,-32,
S21,1500000000,90,154,-34,
S21,1600000000,90,154,-35,
S21,1700000000,90,154,-37,
S21,1800000000,90,154,-39,
S21,1900000000,90,154,-40,
S21,1000000000,90,155,-34,
S21,1100000000,90,155,-32,
S21,1200000000,90,155,-30,
S21,1300000000,90,155,-30,
S21,1400000000,90,155,-32,
S21,1500000000,90,155,-34,
S21,1600000000,90,155,-35,
S21,1700000000,90,155,-37,
S21,1800000000,90,155,-39,
S21,1900000000,90,155,-40,
S21,1000000000,90,156,-34,
S21,1100000000,90,156,-32,
S21,1200000000,90,156,-30,
S21,1300000000,90,156,-31,
S21,1400000000,90,156,-32,
S21,1500000000,90,156,-34,
S21,1600000000,90,156,-36,
S21,1700000000,90,156,-37,
S21,1800000000,90,156,-39,
S21,1900000000,90,156,-41,
S21,1000000000,90,157,-33,
S21,1100000000,90,157,-32,
S21,1200000000,90,157,-30,
S21,1300000000,90,157,-31,
S21,1400000000,90,157,-32,
S21,1500000000,90,157,-34,
S21,1600000000,90,157,-36,
S21,1700000000,90,157,-37,
S21,1800000000,90,157,-39,
S21,1900000000,90,157,-41,
S21,1000000000,90,158,-33,
S21,1100000000,90,158,-32,
S21,1200000000,90,158,-30,
S21,1300000000,90,158,-31,
S21,1400000000,90,158,-33,
S21,1500000000,90,158,-34,
S21,1600000000,90,158,-36,
S21,1700000000,90,158,-38,
S21,1800000000,90,158,-39,
S21,1900000000,90,158,-41,
S21,1000000000,90,159,-33,
S21,1100000000,90,159,-31,
S21,1200000000,90,159,-30,
S21,1300000000,90,159,-31,
S21,1400000000,90,159,-33,
S21,1500000000,90,159,-34,
S21,1600000000,90,159,-36,
S21,1700000000,90,159,-38,
S21,1800000000,90,159,-39,
S21,1900000000,90,159,-41,
S21,1000000000,90,160,-33,
S21,1100000000,90,160,-31,
S21,1200000000,90,160,-30,
S21,1300000000,90,160,-31,
S21,1400000000,90,160,-33,
S21,1500000000,90,160,-35,
S21,1600000000,90,160,-36,
S21,1700000000,90,160,-38,
S21,1800000000,90,160,-40,
S21,1900000000,90,160,-41,
S21,1000000000,90,161,-33,
S21,1100000000,90,161,-31,
S21,1200000000,90,161,-30,
S21,1300000000,90,161,-31,
S21,1400000000,90,161,-33,
S21,1500000000,90,161,-35,
S21,1600000000,90,161,-36,
S21,1700000000,90,161,-38,
S21,1800000000,90,161,-40,
S21,1900000000,90,161,-41,
S21,1000000000,90,162,-33,
S21,1100000000,90,162,-31,
S21,1200000000,90,162,-30,
S21,1300000000,90,162,-32,
S21,1400000000,90,162,-33,
S21,1500000000,90,162,-35,
S21,1600000000,90,162,-37,
S21,1700000000,90,162,-38,
S21,1800000000,90,162,-40,
S21,1900000000,90,162,-42,
S21,1000000000,90,163,-32,
S21,1100000000,90,163,-31,
S21,1200000000,90,163,-30,
S21,1300000000,90,163,-32,
S21,1400000000,90,163,-33,
S21,1500000000,90,163,-35,
S21,1600000000,90,163,-37,
S21,1700000000,90,163,-38,
S21,1800000000,90,163,-40,
S21,1900000000,90,163,-42,
S21,1000000000,90,164,-32,
S21,1100000000,90,164,-31,
S21,1200000000,90,164,-30,
S21,1300000000,90,164,-32,
S21,1400000000,90,164,-34,
S21,1500000000,90,164,-35,
S21,1600000000,90,164,-37,
S21,1700000000,90,164,-39,
S21,1800000000,90,164,-40,
S21,1900000000,90,164,-42,
S21,1000000000,90,165,-32,
S21,1100000000,90,165,-30,
S21,1200000000,90,165,-30,
S21,1300000000,90,165,-32,
S21,1400000000,90,165,-34,
S21,1500000000,90,165,-35,
S21,1600000000,90,165,-37,
S21,1700000000,90,165,-39,
S21,1800000000,90,165,-40,
S21,1900000000,90,165,-42,
S21,1000000000,90,166,-32,
S21,1100000000,90,166,-30,
S21,1200000000,90,166,-31,
S21,1300000000,90,166,-32,
S21,1400000000,90,166,-34,
S21,1500000000,90,166,-36,
S21,1600000000,90,166,-37,
S21,1700000000,90,166,-39,
S21,1800000000,90,166,-41,
S21,1900000000,90,166,-42,
S21,1000000000,90,167,-32,
S21,1100000000,90,167,-30,
S21,1200000000,90,167,-31,
S21,1300000000,90,167,-32,
S21,1400000000,90,167,-34,
S21,1500000000,90,167,-36,
S21,1600000000,90,167,-37,
S21,1700000000,90,167,-39,
S21,1800000000,90,167,-41,
S21,1900000000,90,167,-42,
S21,1000000000,90,168,-32,
S21,1100000000,90,168,-30,
S21,1200000000,90,168,-31,
S21,1300000000,90,168,-33,
S21,1400000000,90,168,-34,
S21,1500000000,90,168,-36,
S21,1600000000,90,168,-38,
S21,1700000000,90,168,-39,
S21,1800000000,90,168,-41,
S21,1900000000,90,168,-43,
S21,1000000000,90,169,-31,
S21,1100000000,90,169,-30,
S21,1200000000,90,169,-31,
S21,1300000000,90,169,-33,
S21,1400000000,90,169,-34,
S21,1500000000,90,169,-36,
S21,1600000000,90,169,-38,
S21,1700000000,90,169,-39,
S21,1800000000,90,169,-41,
S21,1900000000,90,169,-43,
S21,1000000000,90,170,-31,
S21,1100000000,90,170,-30,
S21,1200000000,90,170,-31,
S21,1300000000,90,170,-33,
S21,1400000000,90,170,-35,
S21,1500000000,90,170,-36,
S21,1600000000,90,170,-38,
S21,1700000000,90,170,-40,
S21,1800000000,90,170,-41,
S21,1900000000,90,170,-43,
S21,1000000000,90,171,-31,
S21,1100000000,90,171,-30,
S21,1200000000,90,171,-31,
S21,1300000000,90,171,-33,
S21,1400000000,90,171,-35,
S21,1500000000,90,171,-36,
S21,1600000000,90,171,-38,
S21,1700000000,90,171,-40,
S21,1800000000,90,171,-41,
S21,1900000000,90,171,-43,
S21,1000000000,90,172,-31,
S21,1100000000,90,172,-30,
S21,1200000000,90,172,-32,
S21,1300000000,90,172,-33,
S21,1400000000,90,172,-35,
S21,1500000000,90,172,-37,
S21,1600000000,90,172,-38,
S21,1700000000,90,172,-40,
S21,1800000000,90,172,-42,
S21,1900000000,90,172,-43,
S21,1000000000,90,173,-31,
S21,1100000000,90,173,-30,
S21,1200000000,90,173,-32,
S21,1300000000,90,173,-33,
S21,1400000000,90,173,-35,
S21,1500000000,90,173,-37,
S21,1600000000,90,173,-38,
S21,1700000000,90,173,-40,
S21,1800000000,90,173,-42,
S21,1900000000,90,173,-43,
S21,1000000000,90,174,-31,
S21,1100000000,90,174,-30,
S21,1200000000,90,174,-32,
S21,1300000000,90,174,-34,
S21,1400000000,90,174,-35,
S21,1500000000,90,174,-37,
S21,1600000000,90,174,-39,
S21,1700000000,90,174,-40,
S21,1800000000,90,174,-42,
S21,1900000000,90,174,-44,
S21,1000000000,90,175,-30,
S21,1100000000,90,175,-30,
S21,1200000000,90,175,-32,
S21,1300000000,90,175,-34,
S21,1400000000,90,175,-35,
S21,1500000000,90,175,-37,
S21,1600000000,90,175,-39,
S21,1700000000,90,175,-40,
S21,1800000000,90,175,-42,
S21,1900000000,90,175,-44,
S21,1000000000,90,176,-30,
S21,1100000000,90,176,-31,
S21,1200000000,90,176,-32,
S21,1300000000,90,176,-34,
S21,1400000000,90,176,-36,
S21,1500000000,90,176,-37,
S21,1600000000,90,176,-39,
S21,1700000000,90,176,-41,
S21,1800000000,90,176,-42,
S21,1900000000,90,176,-44,
S21,1000000000,90,177,-30,
S21,1100000000,90,177,-31,
S21,1200000000,90,177,-32,
S21,1300000000,90,177,-34,
S21,1400000000,90,177,-36,
S21,1500000000,90,177,-37,
S21,1600000000,90,177,-39,
S21,1700000000,90,177,-41,
S21,1800000000,90,177,-42,
S21,1900000000,90,177,-44,
S21,1000000000,90,178,-30,
S21,1100000000,90,178,-31,
S21,1200000000,90,178,-33,
S21,1300000000,90,178,-34,
S21,1400000000,90,178,-36,
S21,1500000000,90,178,-38,
S21,1600000000,90,178,-39,
S21,1700000000,90,178,-41,
S21,1800000000,90,178,-43,
S21,1900000000,90,178,-44,
S21,1000000000,90,179,-30,
S21,1100000000,90,179,-31,
S21,1200000000,90,179,-33,
S21,1300000000,90,179,-34,
S21,1400000000,90,179,-36,
S21,1500000000,90,179,-38,
S21,1600000000,90,179,-39,
S21,1700000000,90,179,-41,
S21,1800000000,90,179,-43,
S21,1900000000,90,179,-44,
S21,1000000000,90,180,-30,
S21,1100000000,90,180,-31,
S21,1200000000,90,180,-33,
S21,1300000000,90,180,-35,
S21,1400000000,90,180,-36,
S21,1500000000,90,180,-38,
S21,1600000000,90,180,-40,
S21,1700000000,90,180,-41,
S21,1800000000,90,180,-43,
S21,1900000000,90,180,-45,
S21,1000000000,90,181,-30,
S21,1100000000,90,181,-31,
S21,1200000000,90,181,-33,
S21,1300000000,90,181,-35,
S21,1400000000,90,181,-36,
S21,1500000000,90,181,-38,
S21,1600000000,90,181,-40,
S21,1700000000,90,181,-41,
S21,1800000000,90,181,-43,
S21,1900000000,90,181,-45,
S21,1000000000,90,182,-30,
S21,1100000000,90,182,-32,
S21,1200000000,90,182,-33,
S21,1300000000,90,182,-35,
S21,1400000000,90,182,-37,
S21,1500000000,90,182,-38,
S21,1600000000,90,182,-40,
S21,1700000000,90,182,-42,
S21,1800000000,90,182,-43,
S21,1900000000,90,182,-45,
S21,1000000000,90,183,-30,
S21,1100000000,90,183,-32,
S21,1200000000,90,183,-33,
S21,1300000000,90,183,-35,
S21,1400000000,90,183,-37,
S21,1500000000,90,183,-38,
S21,1600000000,90,183,-40,
S21,1700000000,90,183,-42,
S21,1800000000,90,183,-43,
S21,1900000000,90,183,-45,
S21,1000000000,90,184,-30,
S21,1100000000,90,184,-32,
S21,1200000000,90,184,-34,
S21,1300000000,90,184,-35,
S21,1400000000,90,184,-37,
S21,1500000000,90,184,-39,
S21,1600000000,90,184,-40,
S21,1700000000,90,184,-42,
S21,1800000000,90,184,-44,
S21,1900000000,90,184,-45,
S21,1000000000,90,185,-30,
S21,1100000000,90,185,-32,
S21,1200000000,90,185,-34,
S21,1300000000,90,185,-35,
S21,1400000000,90,185,-37,
S21,1500000000,90,185,-39,
S21,1600000000,90,185,-40,
S21,1700000000,90,185,-42,
S21,1800000000,90,185,-44,
S21,1900000000,90,185,-45,
S21,1000000000,90,186,-31,
S21,1100000000,90,186,-32,
S21,1200000000,90,186,-34,
S21,1300000000,90,186,-36,
S21,1400000000,90,186,-37,
S21,1500000000,90,186,-39,
S21,1600000000,90,186,-41,
S21,1700000000,90,186,-42,
S21,1800000000,90,186,-44,
S21,1900000000,90,186,-46,
S21,1000000000,90,187,-31,
S21,1100000000,90,187,-32,
S21,1200000000,90,187,-34,
S21,1300000000,90,187,-36,
S21,1400000000,90,187,-37,
S21,1500000000,90,187,-39,
S21,1600000000,90,187,-41,
S21,1700000000,90,187,-42,
S21,1800000000,90,187,-44,
S21,1900000000,90,187,-46,
S21,1000000000,90,188,-31,
S21,1100000000,90,188,-33,
S21,1200000000,90,188,-34,
S21,1300000000,90,188,-36,
S21,1400000000,90,188,-38,
S21,1500000000,90,188,-39,
S21,1600000000,90,188,-41,
S21,1700000000,90,188,-43,
S21,1800000000,90,188,-44,
S21,1900000000,90,188,-46,
S21,1000000000,90,189,-31,
S21,1100000000,90,189,-33,
S21,1200000000,90,189,-34,
S21,1300000000,90,189,-36,
S21,1400000000,90,189,-38,
S21,1500000000,90,189,-39,
S21,1600000000,90,189,-41,
S21,1700000000,90,189,-43,
S21,1800000000,90,189,-44,
S21,1900000000,90,189,-46,
S21,1000000000,90,190,-31,
S21,1100000000,90,190,-33,
S21,1200000000,90,190,-35,
S21,1300000000,90,190,-36,
S21,1400000000,90,190,-38,
S21,1500000000,90,190,-40,
S21,1600000000,90,190,-41,
S21,1700000000,90,190,-43,
S21,1800000000,90,190,-45,
S21,1900000000,90,190,-46,
S21,1000000000,90,191,-31,
S21,1100000000,90,191,-33,
S21,1200000000,90,191,-35,
S21,1300000000,90,191,-36,
S21,1400000000,90,191,-38,
S21,1500000000,90,191,-40,
S21,1600000000,90,191,-41,
S21,1700000000,90,191,-43,
S21,1800000000,90,191,-45,
S21,1900000000,90,191,-46,
S21,1000000000,90,192,-32,
S21,1100000000,90,192,-33,
S21,1200000000,90,192,-35,
S21,1300000000,90,192,-37,
S21,1400000000,90,192,-38,
S21,1500000000,90,192,-40,
S21,1600000000,90,192,-42,
S21,1700000000,90,192,-43,
S21,1800000000,90,192,-45,
S21,1900000000,90,192,-47,
S21,1000000000,90,193,-32,
S21,1100000000,90,193,-33,
S21,1200000000,90,193,-35,
S21,1300000000,90,193,-37,
S21,1400000000,90,193,-38,
S21,1500000000,90,193,-40,
S21,1600000000,90,193,-42,
S21,1700000000,90,193,-43,
S21,1800000000,90,193,-45,
S21,1900000000,90,193,-47,
S21,1000000000,90,194,-32,
S21,1100000000,90,194,-34,
S21,1200000000,90,194,-35,
S21,1300000000,90,194,-37,
S21,1400000000,90,194,-39,
S21,1500000000,90,194,-40,
S21,1600000000,90,194,-42,
S21,1700000000,90,194,-44,
S21,1800000000,90,194,-45,
S21,1900000000,90,194,-47,
S21,1000000000,90,195,-32,
S21,1100000000,90,195,-34,
S21,1200000000,90,195,-35,
S21,1300000000,90,195,-37,
S21,1400000000,90,195,-39,
S21,1500000000,90,195,-40,
S21,1600000000,90,195,-42,
S21,1700000000,90,195,-44,
S21,1800000000,90,195,-45,
S21,1900000000,90,195,-47,
S21,1000000000,90,196,-32,
S21,1100000000,90,196,-34,
S21,1200000000,90,196,-36,
S21,1300000000,90,196,-37,
S21,1400000000,90,196,-39,
S21,1500000000,90,196,-41,
S21,1600000000,90,196,-42,
S21,1700000000,90,196,-44,
S21,1800000000,90,196,-46,
S21,1900000000,90,196,-47,
S21,1000000000,90,197,-32,
S21,1100000000,90,197,-34,
S21,1200000000,90,197,-36,
S21,1300000000,90,197,-37,
S21,1400000000,90,197,-39,
S21,1500000000,90,197,-41,
S21,1600000000,90,197,-42,
S21,1700000000,90,197,-44,
S21,1800000000,90,197,-46,
S21,1900000000,90,197,-47,
S21,1000000000,90,198,-33,
S21,1100000000,90,198,-34,
S21,1200000000,90,198,-36,
S21,1300000000,90,198,-38,
S21,1400000000,90,198,-39,
S21,1500000000,90,198,-41,
S21,1600000000,90,198,-43,
S21,1700000000,90,198,-44,
S21,1800000000,90,198,-46,
S21,1900000000,90,198,-48,
S21,1000000000,90,199,-33,
S21,1100000000,90,199,-34,
S21,1200000000,90,199,-36,
S21,1300000000,90,199,-38,
S21,1400000000,90,199,-39,
S21,1500000000,90,199,-41,
S21,1600000000,90,199,-43,
S21,1700000000,90,199,-44,
S21,1800000000,90,199,-46,
S21,1900000000,90,199,-48,
S21,1000000000,90,200,-33,
S21,1100000000,90,200,-35,
S21,1200000000,90,200,-36,
S21,1300000000,90,200,-38,
S21,1400000000,90,200,-40,
S21,1500000000,90,200,-41,
S21,1600000000,90,200,-43,
S21,1700000000,90,200,-45,
S21,1800000000,90,200,-46,
S21,1900000000,90,200,-48,
S21,1000000000,90,201,-33,
S21,1100000000,90,201,-35,
S21,1200000000,90,201,-36,
S21,1300000000,90,201,-38,
S21,1400000000,90,201,-40,
S21,1500000000,90,201,-41,
S21,1600000000,90,201,-43,
S21,1700000000,90,201,-45,
S21,1800000000,90,201,-46,
S21,1900000000,90,201,-48,
S21,1000000000,90,202,-33,
S21,1100000000,90,202,-35,
S21,1200000000,90,202,-37,
S21,1300000000,90,202,-38,
S21,1400000000,90,202,-40,
S21,1500000000,90,202,-42,
S21,1600000000,90,202,-43,
S21,1700000000,90,202,-45,
S21,1800000000,90,202,-47,
S21,1900000000,90,202,-48,
S21,1000000000,90,203,-33,
S21,1100000000,90,203,-35,
S21,1200000000,90,203,-37,
S21,1300000000,90,203,-38,
S21,1400000000,90,203,-40,
S21,1500000000,90,203,-42,
S21,1600000000,90,203,-43,
S21,1700000000,90,203,-45,
S21,1800000000,90,203,-47,
S21,1900000000,90,203,-48,
S21,1000000000,90,204,-34,
S21,1100000000,90,204,-35,
S21,1200000000,90,204,-37,
S21,1300000000,90,204,-39,
S21,1400000000,90,204,-40,
S21,1500000000,90,204,-42,
S21,1600000000,90,204,-44,
S21,1700000000,90,204,-45,
S21,1800000000,90,204,-47,
S21,1900000000,90,204,-49,
S21,1000000000,90,205,-34,
S21,1100000000,90,205,-35,
S21,1200000000,90,205,-37,
S21,1300000000,90,205,-39,
S21,1400000000,90,205,-40,
S21,1500000000,90,205,-42,
S21,1600000000,90,205,-44,
S21,1700000000,90,205,-45,
S21,1800000000,90,205,-47,
S21,1900000000,90,205,-49,
S21,1000000000,90,206,-34,
S21,1100000000,90,206,-36,
S21,1200000000,90,206,-37,
S21,1300000000,90,206,-39,
S21,1400000000,90,206,-41,
S21,1500000000,90,206,-42,
S21,1600000000,90,206,-44,
S21,1700000000,90,206,-46,
S21,1800000000,90,206,-47,
S21,1900000000,90,206,-49,
S21,1000000000,90,207,-34,
S21,1100000000,90,207,-36,
S21,1200000000,90,207,-37,
S21,1300000000,90,207,-39,
S21,1400000000,90,207,-41,
S21,1500000000,90,207,-42,
S21,1600000000,90,207,-44,
S21,1700000000,90,207,-46,
S21,1800000000,90,207,-47,
S21,1900000000,90,207,-49,
S21,1000000000,90,208,-34,
S21,1100000000,90,208,-36,
S21,1200000000,90,208,-38,
S21,1300000000,90,208,-39,
S21,1400000000,90,208,-41,
S21,1500000000,90,208,-43,
S21,1600000000,90,208,-44,
S21,1700000000,90,208,-46,
S21,1800000000,90,208,-48,
S21,1900000000,90,208,-49,
S21,1000000000,90,209,-34,
S21,1100000000,90,209,-36,
S21,1200000000,90,209,-38,
S21,1300000000,90,209,-39,
S21,1400000000,90,209,-41,
S21,1500000000,90,209,-43,
S21,1600000000,90,209,-44,
S21,1700000000,90,209,-46,
S21,1800000000,90,209,-48,
S21,1900000000,90,209,-49,
S21,1000000000,90,210,-35,
S21,1100000000,90,210,-36,
S21,1200000000,90,210,-38,
S21,1300000000,90,210,-40,
S21,1400000000,90,210,-41,
S21,1500000000,90,210,-43,
S21,1600000000,90,210,-45,
S21,1700000000,90,210,-46,
S21,1800000000,90,210,-48,
S21,1900000000,90,210,-50,
S21,1000000000,90,211,-35,
S21,1100000000,90,211,-36,
S21,1200000000,90,211,-38,
S21,1300000000,90,211,-40,
S21,1400000000,90,211,-41,
S21,1500000000,90,211,-43,
S21,1600000000,90,211,-45,
S21,1700000000,90,211,-46,
S21,1800000000,90,211,-48,
S21,1900000000,90,211,-50,
S21,1000000000,90,212,-35,
S21,1100000000,90,212,-37,
S21,1200000000,90,212,-38,
S21,1300000000,90,212,-40,
S21,1400000000,90,212,-42,
S21,1500000000,90,212,-43,
S21,1600000000,90,212,-45,
S21,1700000000,90,212,-47,
S21,1800000000,90,212,-48,
S21,1900000000,90,212,-50,
S21,1000000000,90,213,-35,
S21,1100000000,90,213,-37,
S21,1200000000,90,213,-38,
S21,1300000000,90,213,-40,
S21,1400000000,90,213,-42,
S21,1500000000,90,213,-43,
S21,1600000000,90,213,-45,
S21,1700000000,90,213,-47,
S21,1800000000,90,213,-48,
S21,1900000000,90,213,-50,
S21,1000000000,90,214,-35,
S21,1100000000,90,214,-37,
S21,1200000000,90,214,-39,
S21,1300000000,90,214,-40,
S21,1400000000,90,214,-42,
S21,1500000000,90,214,-44,
S21,1600000000,90,214,-45,
S21,1700000000,90,214,-47,
S21,1800000000,90,214,-49,
S21,1900000000,90,214,-50,
S21,1000000000,90,215,-35,
S21,1100000000,90,215,-37,
S21,1200000000,90,215,-39,
S21,1300000000,90,215,-40,
S21,1400000000,90,215,-42,
S21,1500000000,90,215,-44,
S21,1600000000,90,215,-45,
S21,1700000000,90,215,-47,
S21,1800000000,90,215,-49,
S21,1900000000,90,215,-50,
S21,1000000000,90,216,-36,
S21,1100000000,90,216,-37,
S21,1200000000,90,216,-39,
S21,1300000000,90,216,-41,
S21,1400000000,90,216,-42,
S21,1500000000,90,216,-44,
S21,1600000000,90,216,-46,
S21,1700000000,90,216,-47,
S21,1800000000,90,216,-49,
S21,1900000000,90,216,-51,
S21,1000000000,90,217,-36,
S21,1100000000,90,217,-37,
S21,1200000000,90,217,-39,
S21,1300000000,90,217,-41,
S21,1400000000,90,217,-42,
S21,1500000000,90,217,-44,
S21,1600000000,90,217,-46,
S21,1700000000,90,217,-47,
S21,1800000000,90,217,-49,
S21,1900000000,90,217,-51,
S21,1000000000,90,218,-36,
S21,1100000000,90,218,-38,
S21,1200000000,90,218,-39,
S21,1300000000,90,218,-41,
S21,1400000000,90,218,-43,
S21,1500000000,90,218,-44,
S21,1600000000,90,218,-46,
S21,1700000000,90,218,-48,
S21,1800000000,90,218,-49,
S21,1900000000,90,218,-51,
S21,1000000000,90,219,-36,
S21,1100000000,90,219,-38,
S21,1200000000,90,219,-39,
S21,1300000000,90,219,-41,
S21,1400000000,90,219,-43,
S21,1500000000,90,219,-44,
S21,1600000000,90,219,-46,
S21,1700000000,90,219,-48,
S21,1800000000,90,219,-49,
S21,1900000000,90,219,-51,
S21,1000000000,90,220,-36,
S21,1100000000,90,220,-38,
S21,1200000000,90,220,-40,
S21,1300000000,90,220,-41,
S21,1400000000,90,220,-43,
S21,1500000000,90,220,-45,
S21,1600000000,90,220,-46,
S21,1700000000,90,220,-48,
S21,1800000000,90,220,-50,
S21,1900000000,90,220,-51,
S21,1000000000,90,221,-36,
S21,1100000000,90,221,-38,
S21,1200000000,90,221,-40,
S21,1300000000,90,221,-41,
S21,1400000000,90,221,-43,
S21,1500000000,90,221,-45,
S21,1600000000,90,221,-46,
S21,1700000000,90,221,-48,
S21,1800000000,90,221,-50,
S21,1900000000,90,221,-51,
S21,1000000000,90,222,-37,
S21,1100000000,90,222,-38,
S21,1200000000,90,222,-40,
S21,1300000000,90,222,-42,
S21,1400000000,90,222,-43,
S21,1500000000,90,222,-45,
S21,1600000000,90,222,-47,
S21,1700000000,90,222,-48,
S21,1800000000,90,222,-50,
S21,1900000000,90,222,-52,
S21,1000000000,90,223,-37,
S21,1100000000,90,223,-38,
S21,1200000000,90,223,-40,
S21,1300000000,90,223,-42,
S21,1400000000,90,223,-43,
S21,1500000000,90,223,-45,
S21,1600000000,90,223,-47,
S21,1700000000,90,223,-48,
S21,1800000000,90,223,-50,
S21,1900000000,90,223,-52,
S21,1000000000,90,224,-37,
S21,1100000000,90,224,-39,
S21,1200000000,90,224,-40,
S21,1300000000,90,224,-42,
S21,1400000000,90,224,-44,
S21,1500000000,90,224,-45,
S21,1600000000,90,224,-47,
S21,1700000000,90,224,-49,
S21,1800000000,90,224,-50,
S21,1900000000,90,224,-52,
S21,1000000000,90,225,-37,
S21,1100000000,90,225,-39,
S21,1200000000,90,225,-40,
S21,1300000000,90,225,-42,
S21,1400000000,90,225,-44,
S21,1500000000,90,225,-45,
S21,1600000000,90,225,-47,
S21,1700000000,90,225,-49,
S21,1800000000,90,225,-50,
S21,1900000000,90,225,-52,
S21,1000000000,90,226,-37,
S21,1100000000,90,226,-39,
S21,1200000000,90,226,-41,
S21,1300000000,90,226,-42,
S21,1400000000,90,226,-44,
S21,1500000000,90,226,-46,
S21,1600000000,90,226,-47,
S21,1700000000,90,226,-49,
S21,1800000000,90,226,-51,
S21,1900000000,90,226,-52,
S21,1000000000,90,227,-37,
S21,1100000000,90,227,-39,
S21,1200000000,90,227,-41,
S21,1300000000,90,227,-42,
S21,1400000000,90,227,-44,
S21,1500000000,90,227,-46,
S21,1600000000,90,227,-47,
S21,1700000000,90,227,-49,
S21,1800000000,90,227,-51,
S21,1900000000,90,227,-52,
S21,1000000000,90,228,-38,
S21,1100000000,90,228,-39,
S21,1200000000,90,228,-41,
S21,1300000000,90,228,-43,
S21,1400000000,90,228,-44,
S21,1500000000,90,228,-46,
S21,1600000000,90,228,-48,
S21,1700000000,90,228,-49,
S21,1800000000,90,228,-51,
S21,1900000000,90,228,-53,
S21,1000000000,90,229,-38,
S21,1100000000,90,229,-39,
S21,1200000000,90,229,-41,
S21,1300000000,90,229,-43,
S21,1400000000,90,229,-44,
S21,1500000000,90,229,-46,
S21,1600000000,90,229,-48,
S21,1700000000,90,229,-49,
S21,1800000000,90,229,-51,
S21,1900000000,90,229,-53,
S21,1000000000,90,230,-38,
S21,1100000000,90,230,-40,
S21,1200000000,90,230,-41,
S21,1300000000,90,230,-43,
S21,1400000000,90,230,-45,
S21,1500000000,90,230,-46,
S21,1600000000,90,230,-48,
S21,1700000000,90,230,-50,
S21,1800000000,90,230,-51,
S21,1900000000,90,230,-53,
S21,1000000000,90,231,-38,
S21,1100000000,90,231,-40,
S21,1200000000,90,231,-41,
S21,1300000000,90,231,-43,
S21,1400000000,90,231,-45,
S21,1500000000,90,231,-46,
S21,1600000000,90,231,-48,
S21,1700000000,90,231,-50,
S21,1800000000,90,231,-51,
S21,1900000000,90,231,-53,
S21,1000000000,90,232,-38,
S21,1100000000,90,232,-40,
S21,1200000000,90,232,-42,
S21,1300000000,90,232,-43,
S21,1400000000,90,232,-45,
S21,1500000000,90,232,-47,
S21,1600000000,90,232,-48,
S21,1700000000,90,232,-50,
S21,1800000000,90,232,-52,
S21,1900000000,90,232,-53,
S21,1000000000,90,233,-38,
S21,1100000000,90,233,-40,
S21,1200000000,90,233,-42,
S21,1300000000,90,233,-43,
S21,1400000000,90,233,-45,
S21,1500000000,90,233,-47,
S21,1600000000,90,233,-48,
S21,1700000000,90,233,-50,
S21,1800000000,90,233,-52,
S21,1900000000,90,233,-53,
S21,1000000000,90,234,-39,
S21,1100000000,90,234,-40,
S21,1200000000,90,234,-42,
S21,1300000000,90,234,-44,
S21,1400000000,90,234,-45,
S21,1500000000,90,234,-47,
S21,1600000000,90,234,-49,
S21,1700000000,90,234,-50,
S21,1800000000,90,234,-52,
S21,1900000000,90,234,-54,
S21,1000000000,90,235,-39,
S21,1100000000,90,235,-40,
S21,1200000000,90,235,-42,
S21,1300000000,90,235,-44,
S21,1400000000,90,235,-45,
S21,1500000000,90,235,-47,
S21,1600000000,90,235,-49,
S21,1700000000,90,235,-50,
S21,1800000000,90,235,-52,
S21,1900000000,90,235,-54,
S21,1000000000,90,236,-39,
S21,1100000000,90,236,-41,
S21,1200000000,90,236,-42,
S21,1300000000,90,236,-44,
S21,1400000000,90,236,-46,
S21,1500000000,90,236,-47,
S21,1600000000,90,236,-49,
S21,1700000000,90,236,-51,
S21,1800000000,90,236,-52,
S21,1900000000,90,236,-54,
S21,1000000000,90,237,-39,
S21,1100000000,90,237,-41,
S21,1200000000,90,237,-42,
S21,1300000000,90,237,-44,
S21,1400000000,90,237,-46,
S21,1500000000,90,237,-47,
S21,1600000000,90,237,-49,
S21,1700000000,90,237,-51,
S21,1800000000,90,237,-52,
S21,1900000000,90,237,-54,
S21,1000000000,90,238,-39,
S21,1100000000,90,238,-41,
S21,1200000000,90,238,-43,
S21,1300000000,90,238,-44,
S21,1400000000,90,238,-46,
S21,1500000000,90,238,-48,
S21,1600000000,90,238,-49,
S21,1700000000,90,238,-51,
S21,1800000000,90,238,-53,
S21,1900000000,90,238,-54,
S21,1000000000,90,239,-39,
S21,1100000000,90,239,-41,
S21,1200000000,90,239,-43,
S21,1300000000,90,239,-44,
S21,1400000000,90,239,-46,
S21,1500000000,90,239,-48,
S21,1600000000,90,239,-49,
S21,1700000000,90,239,-51,
S21,1800000000,90,239,-53,
S21,1900000000,90,239,-54,
S21,1000000000,90,240,-40,
S21,1100000000,90,240,-41,
S21,1200000000,90,240,-43,
S21,1300000000,90,240,-45,
S21,1400000000,90,240,-46,
S21,1500000000,90,240,-48,
S21,1600000000,90,240,-50,
S21,1700000000,90,240,-51,
S21,1800000000,90,240,-53,
S21,1900000000,90,240,-55,
S21,1000000000,90,241,-40,
S21,1100000000,90,241,-41,
S21,1200000000,90,241,-43,
S21,1300000000,90,241,-45,
S21,1400000000,90,241,-46,
S21,1500000000,90,241,-48,
S21,1600000000,90,241,-50,
S21,1700000000,90,241,-51,
S21,1800000000,90,241,-53,
S21,1900000000,90,241,-55,
S21,1000000000,90,242,-40,
S21,1100000000,90,242,-42,
S21,1200000000,90,242,-43,
S21,1300000000,90,242,-45,
S21,1400000000,90,242,-47,
S21,1500000000,90,242,-48,
S21,1600000000,90,242,-50,
S21,1700000000,90,242,-52,
S21,1800000000,90,242,-53,
S21,1900000000,90,242,-55,
S21,1000000000,90,243,-40,
S21,1100000000,90,243,-42,
S21,1200000000,90,243,-43,
S21,1300000000,90,243,-45,
S21,1400000000,90,243,-47,
S21,1500000000,90,243,-48,
S21,1600000000,90,243,-50,
S21,1700000000,90,243,-52,
S21,1800000000,90,243,-53,
S21,1900000000,90,243,-55,
S21,1000000000,90,244,-40,
S21,1100000000,90,244,-42,
S21,1200000000,90,244,-44,
S21,1300000000,90,244,-45,
S21,1400000000,90,244,-47,
S21,1500000000,90,244,-49,
S21,1600000000,90,244,-50,
S21,1700000000,90,244,-52,
S21,1800000000,90,244,-54,
S21,1900000000,90,244,-55,
S21,1000000000,90,245,-40,
S21,1100000000,90,245,-42,
S21,1200000000,90,245,-44,
S21,1300000000,90,245,-45,
S21,1400000000,90,245,-47,
S21,1500000000,90,245,-49,
S21,1600000000,90,245,-50,
S21,1700000000,90,245,-52,
S21,1800000000,90,245,-54,
S21,1900000000,90,245,-55,
S21,1000000000,90,246,-41,
S21,1100000000,90,246,-42,
S21,1200000000,90,246,-44,
S21,1300000000,90,246,-46,
S21,1400000000,90,246,-47,
S21,1500000000,90,246,-49,
S21,1600000000,90,246,-51,
S21,1700000000,90,246,-52,
S21,1800000000,90,246,-54,
S21,1900000000,90,246,-56,
S21,1000000000,90,247,-41,
S21,1100000000,90,247,-42,
S21,1200000000,90,247,-44,
S21,1300000000,90,247,-46,
S21,1400000000,90,247,-47,
S21,1500000000,90,247,-49,
S21,1600000000,90,247,-51,
S21,1700000000,90,247,-52,
S21,1800000000,90,247,-54,
S21,1900000000,90,247,-56,
S21,1000000000,90,248,-41,
S21,1100000000,90,248,-43,
S21,1200000000,90,248,-44,
S21,1300000000,90,248,-46,
S21,1400000000,90,248,-48,
S21,1500000000,90,248,-49,
S21,1600000000,90,248,-51,
S21,1700000000,90,248,-53,
S21,1800000000,90,248,-54,
S21,1900000000,90,248,-56,
S21,1000000000,90,249,-41,
S21,1100000000,90,249,-43,
S21,1200000000,90,249,-44,
S21,1300000000,90,249,-46,
S21,1400000000,90,249,-48,
S21,1500000000,90,249,-49,
S21,1600000000,90,249,-51,
S21,1700000000,90,249,-53,
S21,1800000000,90,249,-54,
S21,1900000000,90,249,-56,
S21,1000000000,90,250,-41,
S21,1100000000,90,250,-43,
S21,1200000000,90,250,-45,
S21,1300000000,90,250,-46,
S21,1400000000,90,250,-48,
S21,1500000000,90,250,-50,
S21,1600000000,90,250,-51,
S21,1700000000,90,250,-53,
S21,1800000000,90,250,-55,
S21,1900000000,90,250,-56,
S21,1000000000,90,251,-41,
S21,1100000000,90,251,-43,
S21,1200000000,90,251,-45,
S21,1300000000,90,251,-46,
S21,1400000000,90,251,-48,
S21,1500000000,90,251,-50,
S21,1600000000,90,251,-51,
S21,1700000000,90,251,-53,
S21,1800000000,90,251,-55,
S21,1900000000,90,251,-56,
S21,1000000000,90,252,-42,
S21,1100000000,90,252,-43,
S21,1200000000,90,252,-45,
S21,1300000000,90,252,-47,
S21,1400000000,90,252,-48,
S21,1500000000,90,252,-50,
S21,1600000000,90,252,-52,
S21,1700000000,90,252,-53,
S21,1800000000,90,252,-55,
S21,1900000000,90,252,-57,
S21,1000000000,90,253,-42,
S21,1100000000,90,253,-43,
S21,1200000000,90,253,-45,
S21,1300000000,90,253,-47,
S21,1400000000,90,253,-48,
S21,1500000000,90,253,-50,
S21,1600000000,90,253,-52,
S21,1700000000,90,253,-53,
S21,1800000000,90,253,-55,
S21,1900000000,90,253,-57,
S21,1000000000,90,254,-42,
S21,1100000000,90,254,-44,
S21,1200000000,90,254,-45,
S21,1300000000,90,254,-47,
S21,1400000000,90,254,-49,
S21,1500000000,90,254,-50,
S21,1600000000,90,254,-52,
S21,1700000000,90,254,-54,
S21,1800000000,90,254,-55,
S21,1900000000,90,254,-57,
S21,1000000000,90,255,-42,
S21,1100000000,90,255,-44,
S21,1200000000,90,255,-45,
S21,1300000000,90,255,-47,
S21,1400000000,90,255,-49,
S21,1500000000,90,255,-50,
S21,1600000000,90,255,-52,
S21,1700000000,90,255,-54,
S21,1800000000,90,255,-55,
S21,1900000000,90,255,-57,
S21,1000000000,90,256,-42,
S21,1100000000,90,256,-44,
S21,1200000000,90,256,-46,
S21,1300000000,90,256,-47,
S21,1400000000,90,256,-49,
S21,1500000000,90,256,-51,
S21,1600000000,90,256,-52,
S21,1700000000,90,256,-54,
S21,1800000000,90,256,-56,
S21,1900000000,90,256,-57,
S21,1000000000,90,257,-42,
S21,1100000000,90,257,-44,
S21,1200000000,90,257,-46,
S21,1300000000,90,257,-47,
S21,1400000000,90,257,-49,
S21,1500000000,90,257,-51,
S21,1600000000,90,257,-52,
S21,1700000000,90,257,-54,
S21,1800000000,90,257,-56,
S21,1900000000,90,257,-57,
S21,1000000000,90,258,-43,
S21,1100000000,90,258,-44,
S21,1200000000,90,258,-46,
S21,1300000000,90,258,-48,
S21,1400000000,90,258,-49,
S21,1500000000,90,258,-51,
S21,1600000000,90,258,-53,
S21,1700000000,90,258,-54,
S21,1800000000,90,258,-56,
S21,1900000000,90,258,-58,
S21,1000000000,90,259,-43,
S21,1100000000,90,259,-44,
S21,1200000000,90,259,-46,
S21,1300000000,90,259,-48,
S21,1400000000,90,259,-49,
S21,1500000000,90,259,-51,
S21,1600000000,90,259,-53,
S21,1700000000,90,259,-54,
S21,1800000000,90,259,-56,
S21,1900000000,90,259,-58,
S21,1000000000,90,260,-43,
S21,1100000000,90,260,-45,
S21,1200000000,90,260,-46,
S21,1300000000,90,260,-48,
S21,1400000000,90,260,-50,
S21,1500000000,90,260,-51,
S21,1600000000,90,260,-53,
S21,1700000000,90,260,-55,
S21,1800000000,90,260,-56,
S21,1900000000,90,260,-58,
S21,1000000000,90,261,-43,
S21,1100000000,90,261,-45,
S21,1200000000,90,261,-46,
S21,1300000000,90,261,-48,
S21,1400000000,90,261,-50,
S21,1500000000,90,261,-51,
S21,1600000000,90,261,-53,
S21,1700000000,90,261,-55,
S21,1800000000,90,261,-56,
S21,1900000000,90,261,-58,
S21,1000000000,90,262,-43,
S21,1100000000,90,262,-45,
S21,1200000000,90,262,-47,
S21,1300000000,90,262,-48,
S21,1400000000,90,262,-50,
S21,1500000000,90,262,-52,
S21,1600000000,90,262,-53,
S21,1700000000,90,262,-55,
S21,1800000000,90,262,-57,
S21,1900000000,90,262,-58,
S21,1000000000,90,263,-43,
S21,1100000000,90,263,-45,
S21,1200000000,90,263,-47,
S21,1300000000,90,263,-48,
S21,1400000000,90,263,-50,
S21,1500000000,90,263,-52,
S21,1600000000,90,263,-53,
S21,1700000000,90,263,-55,
S21,1800000000,90,263,-57,
S21,1900000000,90,263,-58,
S21,1000000000,90,264,-44,
S21,1100000000,90,264,-45,
S21,1200000000,90,264,-47,
S21,1300000000,90,264,-49,
S21,1400000000,90,264,-50,
S21,1500000000,90,264,-52,
S21,1600000000,90,264,-54,
S21,1700000000,90,264,-55,
S21,1800000000,90,264,-57,
S21,1900000000,90,264,-59,
S21,1000000000,90,265,-44,
S21,1100000000,90,265,-45,
S21,1200000000,90,265,-47,
S21,1300000000,90,265,-49,
S21,1400000000,90,265,-50,
S21,1500000000,90,265,-52,
S21,1600000000,90,265,-54,
S21,1700000000,90,265,-55,
S21,1800000000,90,265,-57,
S21,1900000000,90,265,-59,
S21,1000000000,90,266,-44,
S21,1100000000,90,266,-46,
S21,1200000000,90,266,-47,
S21,1300000000,90,266,-49,
S21,1400000000,90,266,-51,
S21,1500000000,90,266,-52,
S21,1600000000,90,266,-54,
S21,1700000000,90,266,-56,
S21,1800000000,90,266,-57,
S21,1900000000,90,266,-59,
S21,1000000000,90,267,-44,
S21,1100000000,90,267,-46,
S21,1200000000,90,267,-47,
S21,1300000000,90,267,-49,
S21,1400000000,90,267,-51,
S21,1500000000,90,267,-52,
S21,1600000000,90,267,-54,
S21,1700000000,90,267,-56,
S21,1800000000,90,267,-57,
S21,1900000000,90,267,-59,
S21,1000000000,90,268,-44,
S21,1100000000,90,268,-46,
S21,1200000000,90,268,-48,
S21,1300000000,90,268,-49,
S21,1400000000,90,268,-51,
S21,1500000000,90,268,-53,
S21,1600000000,90,268,-54,
S21,1700000000,90,268,-56,
S21,1800000000,90,268,-58,
S21,1900000000,90,268,-59,
S21,1000000000,90,269,-44,
S21,1100000000,90,269,-46,
S21,1200000000,90,269,-48,
S21,1300000000,90,269,-49,
S21,1400000000,90,269,-51,
S21,1500000000,90,269,-53,
S21,1600000000,90,269,-54,
S21,1700000000,90,269,-56,
S21,1800000000,90,269,-58,
S21,1900000000,90,269,-59,
S21,1000000000,90,270,-45,
S21,1100000000,90,270,-46,
S21,1200000000,90,270,-48,
S21,1300000000,90,270,-50,
S21,1400000000,90,270,-51,
S21,1500000000,90,270,-53,
S21,1600000000,90,270,-55,
S21,1700000000,90,270,-56,
S21,1800000000,90,270,-58,
S21,1900000000,90,270,-60,
S21,1000000000,90,271,-45,
S21,1100000000,90,271,-46,
S21,1200000000,90,271,-48,
S21,1300000000,90,271,-50,
S21,1400000000,90,271,-51,
S21,1500000000,90,271,-53,
S21,1600000000,90,271,-55,
S21,1700000000,90,271,-56,
S21,1800000000,90,271,-58,
S21,1900000000,90,271,-60,
S21,1000000000,90,272,-45,
S21,1100000000,90,272,-47,
S21,1200000000,90,272,-48,
S21,1300000000,90,272,-50,
S21,1400000000,90,272,-52,
S21,1500000000,90,272,-53,
S21,1600000000,90,272,-55,
S21,1700000000,90,272,-57,
S21,1800000000,90,272,-58,
S21,1900000000,90,272,-60,
S21,1000000000,90,273,-45,
S21,1100000000,90,273,-47,
S21,1200000000,90,273,-48,
S21,1300000000,90,273,-50,
S21,1400000000,90,273,-52,
S21,1500000000,90,273,-53,
S21,1600000000,90,273,-55,
S21,1700000000,90,273,-57,
S21,1800000000,90,273,-58,
S21,1900000000,90,273,-60,
S21,1000000000,90,274,-45,
S21,1100000000,90,274,-47,
S21,1200000000,90,274,-49,
S21,1300000000,90,274,-50,
S21,1400000000,90,274,-52,
S21,1500000000,90,274,-54,
S21,1600000000,90,274,-55,
S21,1700000000,90,274,-57,
S21,1800000000,90,274,-59,
S21,1900000000,90,274,-60,
S21,1000000000,90,275,-45,
S21,1100000000,90,275,-47,
S21,1200000000,90,275,-49,
S21,1300000000,90,275,-50,
S21,1400000000,90,275,-52,
S21,1500000000,90,275,-54,
S21,1600000000,90,275,-55,
S21,1700000000,90,275,-57,
S21,1800000000,90,275,-59,
S21,1900000000,90,275,-60,
S21,1000000000,90,276,-46,
S21,1100000000,90,276,-47,
S21,1200000000,90,276,-49,
S21,1300000000,90,276,-51,
S21,1400000000,90,276,-52,
S21,1500000000,90,276,-54,
S21,1600000000,90,276,-56,
S21,1700000000,90,276,-57,
S21,1800000000,90,276,-59,
S21,1900000000,90,276,-61,
S21,1000000000,90,277,-46,
S21,1100000000,90,277,-47,
S21,1200000000,90,277,-49,
S21,1300000000,90,277,-51,
S21,1400000000,90,277,-52,
S21,1500000000,90,277,-54,
S21,1600000000,90,277,-56,
S21,1700000000,90,277,-57,
S21,1800000000,90,277,-59,
S21,1900000000,90,277,-61,
S21,1000000000,90,278,-46,
S21,1100000000,90,278,-48,
S21,1200000000,90,278,-49,
S21,1300000000,90,278,-51,
S21,1400000000,90,278,-53,
S21,1500000000,90,278,-54,
S21,1600000000,90,278,-56,
S21,1700000000,90,278,-58,
S21,1800000000,90,278,-59,
S21,1900000000,90,278,-61,
S21,1000000000,90,279,-46,
S21,1100000000,90,279,-48,
S21,1200000000,90,279,-49,
S21,1300000000,90,279,-51,
S21,1400000000,90,279,-53,
S21,1500000000,90,279,-54,
S21,1600000000,90,279,-56,
S21,1700000000,90,279,-58,
S21,1800000000,90,279,-59,
S21,1900000000,90,279,-61,
S21,1000000000,90,280,-46,
S21,1100000000,90,280,-48,
S21,1200000000,90,280,-50,
S21,1300000000,90,280,-51,
S21,1400000000,90,280,-53,
S21,1500000000,90,280,-55,
S21,1600000000,90,280,-56,
S21,1700000000,90,280,-58,
S21,1800000000,90,280,-60,
S21,1900000000,90,280,-61,
S21,1000000000,90,281,-46,
S21,1100000000,90,281,-48,
S21,1200000000,90,281,-50,
S21,1300000000,90,281,-51,
S21,1400000000,90,281,-53,
S21,1500000000,90,281,-55,
S21,1600000000,90,281,-56,
S21,1700000000,90,281,-58,
S21,1800000000,90,281,-60,
S21,1900000000,90,281,-61,
S21,1000000000,90,282,-47,
S21,1100000000,90,282,-48,
S21,1200000000,90,282,-50,
S21,1300000000,90,282,-52,
S21,1400000000,90,282,-53,
S21,1500000000,90,282,-55,
S21,1600000000,90,282,-57,
S21,1700000000,90,282,-58,
S21,1800000000,90,282,-60,
S21,1900000000,90,282,-62,
S21,1000000000,90,283,-47,
S21,1100000000,90,283,-48,
S21,1200000000,90,283,-50,
S21,1300000000,90,283,-52,
S21,1400000000,90,283,-53,
S21,1500000000,90,283,-55,
S21,1600000000,90,283,-57,
S21,1700000000,90,283,-58,
S21,1800000000,90,283,-60,
S21,1900000000,90,283,-62,
S21,1000000000,90,284,-47,
S21,1100000000,90,284,-49,
S21,1200000000,90,284,-50,
S21,1300000000,90,284,-52,
S21,1400000000,90,284,-54,
S21,1500000000,90,284,-55,
S21,1600000000,90,284,-57,
S21,1700000000,90,284,-59,
S21,1800000000,90,284,-60,
S21,1900000000,90,284,-62,
S21,1000000000,90,285,-47,
S21,1100000000,90,285,-49,
S21,1200000000,90,285,-50,
S21,1300000000,90,285,-52,
S21,1400000000,90,285,-54,
S21,1500000000,90,285,-55,
S21,1600000000,90,285,-57,
S21,1700000000,90,285,-59,
S21,1800000000,90,285,-60,
S21,1900000000,90,285,-62,
S21,1000000000,90,286,-47,
S21,1100000000,90,286,-49,
S21,1200000000,90,286,-51,
S21,1300000000,90,286,-52,
S21,1400000000,90,286,-54,
S21,1500000000,90,286,-56,
S21,1600000000,90,286,-57,
S21,1700000000,90,286,-59,
S21,1800000000,90,286,-61,
S21,1900000000,90,286,-62,
S21,1000000000,90,287,-47,
S21,1100000000,90,287,-49,
S21,1200000000,90,287,-51,
S21,1300000000,90,287,-52,
S21,1400000000,90,287,-54,
S21,1500000000,90,287,-56,
S21,1600000000,90,287,-57,
S21,1700000000,90,287,-59,
S21,1800000000,90,287,-61,
S21,1900000000,90,287,-62,
S21,1000000000,90,288,-48,
S21,1100000000,90,288,-49,
S21,1200000000,90,288,-51,
S21,1300000000,90,288,-53,
S21,1400000000,90,288,-54,
S21,1500000000,90,288,-56,
S21,1600000000,90,288,-58,
S21,1700000000,90,288,-59,
S21,1800000000,90,288,-61,
S21,1900000000,90,288,-63,
S21,1000000000,90,289,-48,
S21,1100000000,90,289,-49,
S21,1200000000,90,289,-51,
S21,1300000000,90,289,-53,
S21,1400000000,90,289,-54,
S21,1500000000,90,289,-56,
S21,1600000000,90,289,-58,
S21,1700000000,90,289,-59,
S21,1800000000,90,289,-61,
S21,1900000000,90,289,-63,
S21,1000000000,90,290,-48,
S21,1100000000,90,290,-50,
S21,1200000000,90,290,-51,
S21,1300000000,90,290,-53,
S21,1400000000,90,290,-55,
S21,1500000000,90,290,-56,
S21,1600000000,90,290,-58,
S21,1700000000,90,290,-60,
S21,1800000000,90,290,-61,
S21,1900000000,90,290,-63,
S21,1000000000,90,291,-48,
S21,1100000000,90,291,-50,
S21,1200000000,90,291,-51,
S21,1300000000,90,291,-53,
S21,1400000000,90,291,-55,
S21,1500000000,90,291,-56,
S21,1600000000,90,291,-58,
S21,1700000000,90,291,-60,
S21,1800000000,90,291,-61,
S21,1900000000,90,291,-63,
S21,1000000000,90,292,-48,
S21,1100000000,90,292,-50,
S21,1200000000,90,292,-52,
S21,1300000000,90,292,-53,
S21,1400000000,90,292,-55,
S21,1500000000,90,292,-57,
S21,1600000000,90,292,-58,
S21,1700000000,90,292,-60,
S21,1800000000,90,292,-62,
S21,1900000000,90,292,-63,
S21,1000000000,90,293,-48,
S21,1100000000,90,293,-50,
S21,1200000000,90,293,-52,
S21,1300000000,90,293,-53,
S21,1400000000,90,293,-55,
S21,1500000000,90,293,-57,
S21,1600000000,90,293,-58,
S21,1700000000,90,293,-60,
S21,1800000000,90,293,-62,
S21,1900000000,90,293,-63,
S21,1000000000,90,294,-49,
S21,1100000000,90,294,-50,
S21,1200000000,90,294,-52,
S21,1300000000,90,294,-54,
S21,1400000000,90,294,-55,
S21,1500000000,90,294,-57,
S21,1600000000,90,294,-59,
S21,1700000000,90,294,-60,
S21,1800000000,90,294,-62,
S21,1900000000,90,294,-64,
S21,1000000000,90,295,-49,
S21,1100000000,90,295,-50,
S21,1200000000,90,295,-52,
S21,1300000000,90,295,-54,
S21,1400000000,90,295,-55,
S21,1500000000,90,295,-57,
S21,1600000000,90,295,-59,
S21,1700000000,90,295,-60,
S21,1800000000,90,295,-62,
S21,1900000000,90,295,-64,
S21,1000000000,90,296,-49,
S21,1100000000,90,296,-51,
S21,1200000000,90,296,-52,
S21,1300000000,90,296,-54,
S21,1400000000,90,296,-56,
S21,1500000000,90,296,-57,
S21,1600000000,90,296,-59,
S21,1700000000,90,296,-61,
S21,1800000000,90,296,-62,
S21,1900000000,90,296,-64,
S21,1000000000,90,297,-49,
S21,1100000000,90,297,-51,
S21,1200000000,90,297,-52,
S21,1300000000,90,297,-54,
S21,1400000000,90,297,-56,
S21,1500000000,90,297,-57,
S21,1600000000,90,297,-59,
S21,1700000000,90,297,-61,
S21,1800000000,90,297,-62,
S21,1900000000,90,297,-64,
S21,1000000000,90,298,-49,
S21,1100000000,90,298,-51,
S21,1200000000,90,298,-53,
S21,1300000000,90,298,-54,
S21,1400000000,90,298,-56,
S21,1500000000,90,298,-58,
S21,1600000000,90,298,-59,
S21,1700000000,90,298,-61,
S21,1800000000,90,298,-63,
S21,1900000000,90,298,-64,
S21,1000000000,90,299,-49,
S21,1100000000,90,299,-51,
S21,1200000000,90,299,-53,
S21,1300000000,90,299,-54,
S21,1400000000,90,299,-56,
S21,1500000000,90,299,-58,
S21,1600000000,90,299,-59,
S21,1700000000,90,299,-61,
S21,1800000000,90,299,-63,
S21,1900000000,90,299,-64,
S21,1000000000,90,300,-50,
S21,1100000000,90,300,-51,
S21,1200000000,90,300,-53,
S21,1300000000,90,300,-55,
S21,1400000000,90,300,-56,
S21,1500000000,90,300,-58,
S21,1600000000,90,300,-60,
S21,1700000000,90,300,-61,
S21,1800000000,90,300,-63,
S21,1900000000,90,300,-65,
S21,1000000000,90,301,-50,
S21,1100000000,90,301,-51,
S21,1200000000,90,301,-53,
S21,1300000000,90,301,-55,
S21,1400000000,90,301,-56,
S21,1500000000,90,301,-58,
S21,1600000000,90,301,-60,
S21,1700000000,90,301,-61,
S21,1800000000,90,301,-63,
S21,1900000000,90,301,-65,
S21,1000000000,90,302,-50,
S21,1100000000,90,302,-52,
S21,1200000000,90,302,-53,
S21,1300000000,90,302,-55,
S21,1400000000,90,302,-57,
S21,1500000000,90,302,-58,
S21,1600000000,90,302,-60,
S21,1700000000,90,302,-62,
S21,1800000000,90,302,-63,
S21,1900000000,90,302,-65,
S21,1000000000,90,303,-50,
S21,1100000000,90,303,-52,
S21,1200000000,90,303,-53,
S21,1300000000,90,303,-55,
S21,1400000000,90,303,-57,
S21,1500000000,90,303,-58,
S21,1600000000,90,303,-60,
S21,1700000000,90,303,-62,
S21,1800000000,90,303,-63,
S21,1900000000,90,303,-65,
S21,1000000000,90,304,-50,
S21,1100000000,90,304,-52,
S21,1200000000,90,304,-54,
S21,1300000000,90,304,-55,
S21,1400000000,90,304,-57,
S21,1500000000,90,304,-59,
S21,1600000000,90,304,-60,
S21,1700000000,90,304,-62,
S21,1800000000,90,304,-64,
S21,1900000000,90,304,-65,
S21,1000000000,90,305,-50,
S21,1100000000,90,305,-52,
S21,1200000000,90,305,-54,
S21,1300000000,90,305,-55,
S21,1400000000,90,305,-57,
S21,1500000000,90,305,-59,
S21,1600000000,90,305,-60,
S21,1700000000,90,305,-62,
S21,1800000000,90,305,-64,
S21,1900000000,90,305,-65,
S21,1000000000,90,306,-51,
S21,1100000000,90,306,-52,
S21,1200000000,90,306,-54,
S21,1300000000,90,306,-56,
S21,1400000000,90,306,-57,
S21,1500000000,90,306,-59,
S21,1600000000,90,306,-61,
S21,1700000000,90,306,-62,
S21,1800000000,90,306,-64,
S21,1900000000,90,306,-66,
S21,1000000000,90,307,-51,
S21,1100000000,90,307,-52,
S21,1200000000,90,307,-54,
S21,1300000000,90,307,-56,
S21,1400000000,90,307,-57,
S21,1500000000,90,307,-59,
S21,1600000000,90,307,-61,
S21,1700000000,90,307,-62,
S21,1800000000,90,307,-64,
S21,1900000000,90,307,-66,
S21,1000000000,90,308,-51,
S21,1100000000,90,308,-53,
S21,1200000000,90,308,-54,
S21,1300000000,90,308,-56,
S21,1400000000,90,308,-58,
S21,1500000000,90,308,-59,
S21,1600000000,90,308,-61,
S21,1700000000,90,308,-63,
S21,1800000000,90,308,-64,
S21,1900000000,90,308,-66,
S21,1000000000,90,309,-51,
S21,1100000000,90,309,-53,
S21,1200000000,90,309,-54,
S21,1300000000,90,309,-56,
S21,1400000000,90,309,-58,
S21,1500000000,90,309,-59,
S21,1600000000,90,309,-61,
S21,1700000000,90,309,-63,
S21,1800000000,90,309,-64,
S21,1900000000,90,309,-66,
S21,1000000000,90,310,-51,
S21,1100000000,90,310,-53,
S21,1200000000,90,310,-55,
S21,1300000000,90,310,-56,
S21,1400000000,90,310,-58,
S21,1500000000,90,310,-60,
S21,1600000000,90,310,-61,
S21,1700000000,90,310,-63,
S21,1800000000,90,310,-65,
S21,1900000000,90,310,-66,
S21,1000000000,90,311,-51,
S21,1100000000,90,311,-53,
S21,1200000000,90,311,-55,
S21,1300000000,90,311,-56,
S21,1400000000,90,311,-58,
S21,1500000000,90,311,-60,
S21,1600000000,90,311,-61,
S21,1700000000,90,311,-63,
S21,1800000000,90,311,-65,
S21,1900000000,90,311,-66,
S21,1000000000,90,312,-52,
S21,1100000000,90,312,-53,
S21,1200000000,90,312,-55,
S21,1300000000,90,312,-57,
S21,1400000000,90,312,-58,
S21,1500000000,90,312,-60,
S21,1600000000,90,312,-62,
S21,1700000000,90,312,-63,
S21,1800000000,90,312,-65,
S21,1900000000,90,312,-67,
S21,1000000000,90,313,-52,
S21,1100000000,90,313,-53,
S21,1200000000,90,313,-55,
S21,1300000000,90,313,-57,
S21,1400000000,90,313,-58,
S21,1500000000,90,313,-60,
S21,1600000000,90,313,-62,
S21,1700000000,90,313,-63,
S21,1800000000,90,313,-65,
S21,1900000000,90,313,-67,
S21,1000000000,90,314,-52,
S21,1100000000,90,314,-54,
S21,1200000000,90,314,-55,
S21,1300000000,90,314,-57,
S21,1400000000,90,314,-59,
S21,1500000000,90,314,-60,
S21,1600000000,90,314,-62,
S21,1700000000,90,314,-64,
S21,1800000000,90,314,-65,
S21,1900000000,90,314,-67,
S21,1000000000,90,315,-52,
S21,1100000000,90,315,-54,
S21,1200000000,90,315,-55,
S21,1300000000,90,315,-57,
S21,1400000000,90,315,-59,
S21,1500000000,90,315,-60,
S21,1600000000,90,315,-62,
S21,1700000000,90,315,-64,
S21,1800000000,90,315,-65,
S21,1900000000,90,315,-67,
S21,1000000000,90,316,-52,
S21,1100000000,90,316,-54,
S21,1200000000,90,316,-56,
S21,1300000000,90,316,-57,
S21,1400000000,90,316,-59,
S21,1500000000,90,316,-61,
S21,1600000000,90,316,-62,
S21,1700000000,90,316,-64,
S21,1800000000,90,316,-66,
S21,1900000000,90,316,-67,
S21,1000000000,90,317,-52,
S21,1100000000,90,317,-54,
S21,1200000000,90,317,-56,
S21,1300000000,90,317,-57,
S21,1400000000,90,317,-59,
S21,1500000000,90,317,-61,
S21,1600000000,90,317,-62,
S21,1700000000,90,317,-64,
S21,1800000000,90,317,-66,
S21,1900000000,90,317,-67,
S21,1000000000,90,318,-53,
S21,1100000000,90,318,-54,
S21,1200000000,90,318,-56,
S21,1300000000,90,318,-58,
S21,1400000000,90,318,-59,
S21,1500000000,90,318,-61,
S21,1600000000,90,318,-63,
S21,1700000000,90,318,-64,
S21,1800000000,90,318,-66,
S21,1900000000,90,318,-68,
S21,1000000000,90,319,-53,
S21,1100000000,90,319,-54,
S21,1200000000,90,319,-56,
S21,1300000000,90,319,-58,
S21,1400000000,90,319,-59,
S21,1500000000,90,319,-61,
S21,1600000000,90,319,-63,
S21,1700000000,90,319,-64,
S21,1800000000,90,319,-66,
S21,1900000000,90,319,-68,
S21,1000000000,90,320,-53,
S21,1100000000,90,320,-55,
S21,1200000000,90,320,-56,
S21,1300000000,90,320,-58,
S21,1400000000,90,320,-60,
S21,1500000000,90,320,-61,
S21,1600000000,90,320,-63,
S21,1700000000,90,320,-65,
S21,1800000000,90,320,-66,
S21,1900000000,90,320,-68,
S21,1000000000,90,321,-53,
S21,1100000000,90,321,-55,
S21,1200000000,90,321,-56,
S21,1300000000,90,321,-58,
S21,1400000000,90,321,-60,
S21,1500000000,90,321,-61,
S21,1600000000,90,321,-63,
S21,1700000000,90,321,-65,
S21,1800000000,90,321,-66,
S21,1900000000,90,321,-68,
S21,1000000000,90,322,-53,
S21,1100000000,90,322,-55,
S21,1200000000,90,322,-57,
S21,1300000000,90,322,-58,
S21,1400000000,90,322,-60,
S21,1500000000,90,322,-62,
S21,1600000000,90,322,-63,
S21,1700000000,90,322,-65,
S21,1800000000,90,322,-67,
S21,1900000000,90,322,-68,
S21,1000000000,90,323,-53,
S21,1100000000,90,323,-55,
S21,1200000000,90,323,-57,
S21,1300000000,90,323,-58,
S21,1400000000,90,323,-60,
S21,1500000000,90,323,-62,
S21,1600000000,90,323,-63,
S21,1700000000,90,323,-65,
S21,1800000000,90,323,-67,
S21,1900000000,90,323,-68,
S21,1000000000,90,324,-54,
S21,1100000000,90,324,-55,
S21,1200000000,90,324,-57,
S21,1300000000,90,324,-59,
S21,1400000000,90,324,-60,
S21,1500000000,90,324,-62,
S21,1600000000,90,324,-64,
S21,1700000000,90,324,-65,
S21,1800000000,90,324,-67,
S21,1900000000,90,324,-69,
S21,1000000000,90,325,-54,
S21,1100000000,90,325,-55,
S21,1200000000,90,325,-57,
S21,1300000000,90,325,-59,
S21,1400000000,90,325,-60,
S21,1500000000,90,325,-62,
S21,1600000000,90,325,-64,
S21,1700000000,90,325,-65,
S21,1800000000,90,325,-67,
S21,1900000000,90,325,-69,
S21,1000000000,90,326,-54,
S21,1100000000,90,326,-56,
S21,1200000000,90,326,-57,
S21,1300000000,90,326,-59,
S21,1400000000,90,326,-61,
S21,1500000000,90,326,-62,
S21,1600000000,90,326,-64,
S21,1700000000,90,326,-66,
S21,1800000000,90,326,-67,
S21,1900000000,90,326,-69,
S21,1000000000,90,327,-54,
S21,1100000000,90,327,-56,
S21,1200000000,90,327,-57,
S21,1300000000,90,327,-59,
S21,1400000000,90,327,-61,
S21,1500000000,90,327,-62,
S21,1600000000,90,327,-64,
S21,1700000000,90,327,-66,
S21,1800000000,90,327,-67,
S21,1900000000,90,327,-69,
S21,1000000000,90,328,-54,
S21,1100000000,90,328,-56,
S21,1200000000,90,328,-58,
S21,1300000000,90,328,-59,
S21,1400000000,90,328,-61,
S21,1500000000,90,328,-63,
S21,1600000000,90,328,-64,
S21,1700000000,90,328,-66,
S21,1800000000,90,328,-68,
S21,1900000000,90,328,-69,
S21,1000000000,90,329,-54,
S21,1100000000,90,329,-56,
S21,1200000000,90,329,-58,
S21,1300000000,90,329,-59,
S21,1400000000,90,329,-61,
S21,1500000000,90,329,-63,
S21,1600000000,90,329,-64,
S21,1700000000,90,329,-66,
S21,1800000000,90,329,-68,
S21,1900000000,90,329,-69,
S21,1000000000,90,330,-55,
S21,1100000000,90,330,-56,
S21,1200000000,90,330,-58,
S21,1300000000,90,330,-60,
S21,1400000000,90,330,-61,
S21,1500000000,90,330,-63,
S21,1600000000,90,330,-65,
S21,1700000000,90,330,-66,
S21,1800000000,90,330,-68,
S21,1900000000,90,330,-70,
S21,1000000000,90,331,-55,
S21,1100000000,90,331,-56,
S21,1200000000,90,331,-58,
S21,1300000000,90,331,-60,
S21,1400000000,90,331,-61,
S21,1500000000,90,331,-63,
S21,1600000000,90,331,-65,
S21,1700000000,90,331,-66,
S21,1800000000,90,331,-68,
S21,1900000000,90,331,-70,
S21,1000000000,90,332,-55,
S21,1100000000,90,332,-57,
S21,1200000000,90,332,-58,
S21,1300000000,90,332,-60,
S21,1400000000,90,332,-62,
S21,1500000000,90,332,-63,
S21,1600000000,90,332,-65,
S21,1700000000,90,332,-67,
S21,1800000000,90,332,-68,
S21,1900000000,90,332,-70,
S21,1000000000,90,333,-55,
S21,1100000000,90,333,-57,
S21,1200000000,90,333,-58,
S21,1300000000,90,333,-60,
S21,1400000000,90,333,-62,
S21,1500000000,90,333,-63,
S21,1600000000,90,333,-65,
S21,1700000000,90,333,-67,
S21,1800000000,90,333,-68,
S21,1900000000,90,333,-70,
S21,1000000000,90,334,-55,
S21,1100000000,90,334,-57,
S21,1200000000,90,334,-59,
S21,1300000000,90,334,-60,
S21,1400000000,90,334,-62,
S21,1500000000,90,334,-64,
S21,1600000000,90,334,-65,
S21,1700000000,90,334,-67,
S21,1800000000,90,334,-69,
S21,1900000000,90,334,-70,
S21,1000000000,90,335,-55,
S21,1100000000,90,335,-57,
S21,1200000000,90,335,-59,
S21,1300000000,90,335,-60,
S21,1400000000,90,335,-62,
S21,1500000000,90,335,-64,
S21,1600000000,90,335,-65,
S21,1700000000,90,335,-67,
S21,1800000000,90,335,-69,
S21,1900000000,90,335,-70,
S21,1000000000,90,336,-56,
S21,1100000000,90,336,-57,
S21,1200000000,90,336,-59,
S21,1300000000,90,336,-61,
S21,1400000000,90,336,-62,
S21,1500000000,90,336,-64,
S21,1600000000,90,336,-66,
S21,1700000000,90,336,-67,
S21,1800000000,90,336,-69,
S21,1900000000,90,336,-71,
S21,1000000000,90,337,-56,
S21,1100000000,90,337,-57,
S21,1200000000,90,337,-59,
S21,1300000000,90,337,-61,
S21,1400000000,90,337,-62,
S21,1500000000,90,337,-64,
S21,1600000000,90,337,-66,
S21,1700000000,90,337,-67,
S21,1800000000,90,337,-69,
S21,1900000000,90,337,-71,
S21,1000000000,90,338,-56,
S21,1100000000,90,338,-58,
S21,1200000000,90,338,-59,
S21,1300000000,90,338,-61,
S21,1400000000,90,338,-63,
S21,1500000000,90,338,-64,
S21,1600000000,90,338,-66,
S21,1700000000,90,338,-68,
S21,1800000000,90,338,-69,
S21,1900000000,90,338,-71,
S21,1000000000,90,339,-56,
S21,1100000000,90,339,-58,
S21,1200000000,90,339,-59,
S21,1300000000,90,339,-61,
S21,1400000000,90,339,-63,
S21,1500000000,90,339,-64,
S21,1600000000,90,339,-66,
S21,1700000000,90,339,-68,
S21,1800000000,90,339,-69,
S21,1900000000,90,339,-71,
S21,1000000000,90,340,-56,
S21,1100000000,90,340,-58,
S21,1200000000,90,340,-60,
S21,1300000000,90,340,-61,
S21,1400000000,90,340,-63,
S21,1500000000,90,340,-65,
S21,1600000000,90,340,-66,
S21,1700000000,90,340,-68,
S21,1800000000,90,340,-70,
S21,1900000000,90,340,-71,
S21,1000000000,90,341,-56,
S21,1100000000,90,341,-58,
S21,1200000000,90,341,-60,
S21,1300000000,90,341,-61,
S21,1400000000,90,341,-63,
S21,1500000000,90,341,-65,
S21,1600000000,90,341,-66,
S21,1700000000,90,341,-68,
S21,1800000000,90,341,-70,
S21,1900000000,90,341,-71,
S21,1000000000,90,342,-57,
S21,1100000000,90,342,-58,
S21,1200000000,90,342,-60,
S21,1300000000,90,342,-62,
S21,1400000000,90,342,-63,
S21,1500000000,90,342,-65,
S21,1600000000,90,342,-67,
S21,1700000000,90,342,-68,
S21,1800000000,90,342,-70,
S21,1900000000,90,342,-72,
S21,1000000000,90,343,-57,
S21,1100000000,90,343,-58,
S21,1200000000,90,343,-60,
S21,1300000000,90,343,-62,
S21,1400000000,90,343,-63,
S21,1500000000,90,343,-65,
S21,1600000000,90,343,-67,
S21,1700000000,90,343,-68,
S21,1800000000,90,343,-70,
S21,1900000000,90,343,-72,
S21,1000000000,90,344,-57,
S21,1100000000,90,344,-59,
S21,1200000000,90,344,-60,
S21,1300000000,90,344,-62,
S21,1400000000,90,344,-64,
S21,1500000000,90,344,-65,
S21,1600000000,90,344,-67,
S21,1700000000,90,344,-69,
S21,1800000000,90,344,-70,
S21,1900000000,90,344,-72,
S21,1000000000,90,345,-57,
S21,1100000000,90,345,-59,
S21,1200000000,90,345,-60,
S21,1300000000,90,345,-62,
S21,1400000000,90,345,-64,
S21,1500000000,90,345,-65,
S21,1600000000,90,345,-67,
S21,1700000000,90,345,-69,
S21,1800000000,90,345,-70,
S21,1900000000,90,345,-72,
S21,1000000000,90,346,-57,
S21,1100000000,90,346,-59,
S21,1200000000,90,346,-61,
S21,1300000000,90,346,-62,
S21,1400000000,90,346,-64,
S21,1500000000,90,346,-66,
S21,1600000000,90,346,-67,
S21,1700000000,90,346,-69,
S21,1800000000,90,346,-71,
S21,1900000000,90,346,-72,
S21,1000000000,90,347,-57,
S21,1100000000,90,347,-59,
S21,1200000000,90,347,-61,
S21,1300000000,90,347,-62,
S21,1400000000,90,347,-64,
S21,1500000000,90,347,-66,
S21,1600000000,90,347,-67,
S21,1700000000,90,347,-69,
S21,1800000000,90,347,-71,
S21,1900000000,90,347,-72,
S21,1000000000,90,348,-58,
S21,1100000000,90,348,-59,
S21,1200000000,90,348,-61,
S21,1300000000,90,348,-63,
S21,1400000000,90,348,-64,
S21,1500000000,90,348,-66,
S21,1600000000,90,348,-68,
S21,1700000000,90,348,-69,
S21,1800000000,90,348,-71,
S21,1900000000,90,348,-73,
S21,1000000000,90,349,-58,
S21,1100000000,90,349,-59,
S21,1200000000,90,349,-61,
S21,1300000000,90,349,-63,
S21,1400000000,90,349,-64,
S21,1500000000,90,349,-66,
S21,1600000000,90,349,-68,
S21,1700000000,90,349,-69,
S21,1800000000,90,349,-71,
S21,1900000000,90,349,-73,
S21,1000000000,90,350,-58,
S21,1100000000,90,350,-60,
S21,1200000000,90,350,-61,
S21,1300000000,90,350,-63,
S21,1400000000,90,350,-65,
S21,1500000000,90,350,-66,
S21,1600000000,90,350,-68,
S21,1700000000,90,350,-70,
S21,1800000000,90,350,-71,
S21,1900000000,90,350,-73,
S21,1000000000,90,351,-58,
S21,1100000000,90,351,-60,
S21,1200000000,90,351,-61,
S21,1300000000,90,351,-63,
S21,1400000000,90,351,-65,
S21,1500000000,90,351,-66,
S21,1600000000,90,351,-68,
S21,1700000000,90,351,-70,
S21,1800000000,90,351,-71,
S21,1900000000,90,351,-73,
S21,1000000000,90,352,-58,
S21,1100000000,90,352,-60,
S21,1200000000,90,352,-62,
S21,1300000000,90,352,-63,
S21,1400000000,90,352,-65,
S21,1500000000,90,352,-67,
S21,1600000000,90,352,-68,
S21,1700000000,90,352,-70,
S21,1800000000,90,352,-72,
S21,1900000000,90,352,-73,
S21,1000000000,90,353,-58,
S21,1100000000,90,353,-60,
S21,1200000000,90,353,-62,
S21,1300000000,90,353,-63,
S21,1400000000,90,353,-65,
S21,1500000000,90,353,-67,
S21,1600000000,90,353,-68,
S21,1700000000,90,353,-70,
S21,1800000000,90,353,-72,
S21,1900000000,90,353,-73,
S21,1000000000,90,354,-59,
S21,1100000000,90,354,-60,
S21,1200000000,90,354,-62,
S21,1300000000,90,354,-64,
S21,1400000000,90,354,-65,
S21,1500000000,90,354,-67,
S21,1600000000,90,354,-69,
S21,1700000000,90,354,-70,
S21,1800000000,90,354,-72,
S21,1900000000,90,354,-74,
S21,1000000000,90,355,-59,
S21,1100000000,90,355,-60,
S21,1200000000,90,355,-62,
S21,1300000000,90,355,-64,
S21,1400000000,90,355,-65,
S21,1500000000,90,355,-67,
S21,1600000000,90,355,-69,
S21,1700000000,90,355,-70,
S21,1800000000,90,355,-72,
S21,1900000000,90,355,-74,
S21,1000000000,90,356,-59,
S21,1100000000,90,356,-61,
S21,1200000000,90,356,-62,
S21,1300000000,90,356,-64,
S21,1400000000,90,356,-66,
S21,1500000000,90,356,-67,
S21,1600000000,90,356,-69,
S21,1700000000,90,356,-71,
S21,1800000000,90,356,-72,
S21,1900000000,90,356,-74,
S21,1000000000,90,357,-59,
S21,1100000000,90,357,-61,
S21,1200000000,90,357,-62,
S21,1300000000,90,357,-64,
S21,1400000000,90,357,-66,
S21,1500000000,90,357,-67,
S21,1600000000,90,357,-69,
S21,1700000000,90,357,-71,
S21,1800000000,90,357,-72,
S21,1900000000,90,357,-74,
S21,1000000000,90,358,-59,
S21,1100000000,90,358,-61,
S21,1200000000,90,358,-63,
S21,1300000000,90,358,-64,
S21,1400000000,90,358,-66,
S21,1500000000,90,358,-68,
S21,1600000000,90,358,-69,
S21,1700000000,90,358,-71,
S21,1800000000,90,358,-73,
S21,1900000000,90,358,-74,
S21,1000000000,90,359,-59,
S21,1100000000,90,359,-61,
S21,1200000000,90,359,-63,
S21,1300000000,90,359,-64,
S21,1400000000,90,359,-66,
S21,1500000000,90,359,-68,
S21,1600000000,90,359,-69,
S21,1700000000,90,359,-71,
S21,1800000000,90,359,-73,
S21,1900000000,90,359,-74,